<?xml version="1.0" encoding="UTF-8" ?>
<!DOCTYPE mapper
        PUBLIC "-//mybatis.org//DTD Mapper 3.0//EN"
        "https://mybatis.org/dtd/mybatis-3-mapper.dtd">
<mapper namespace="com.iforteam.deulsal_i.mappers.EntrepreneurMapper">
    <insert id="insertCampsite"
            useGeneratedKeys="true"
            keyColumn="index"
            keyProperty="index"
            parameterType="com.iforteam.deulsal_i.entities.CampsiteEntity">
        INSERT INTO `deulsalE`.`campsites`
        (`user_index`, `name`, `business`, `number_ad`, `road_ad`, `general_cnt`, `auto_cnt`, `caravan_cnt`,
         `glamping_cnt`, `contact`, `characteristics`, `introduction`, `spring`, `summer`, `fall`, `winter`, `weekday`,
         `weekend`, `url`, `reservation_flag`, `cost_list`, `deleted_flag`, `latitude`, `longitude`)
        VALUES (#{userIndex},
                #{name},
                #{business},
                #{numberAd},
                #{roadAd},
                #{generalCnt},
                #{autoCnt},
                #{caravanCnt},
                #{glampingCnt},
                #{contact},
                #{characteristics},
                #{introduction},
                #{spring},
                #{summer},
                #{fall},
                #{winter},
                #{weekday},
                #{weekend},
                #{url},
                #{isReservation},
                #{costList},
                #{isDeleted},
                #{latitude},
                #{longitude})
    </insert>

    <insert id="insertCampsiteImg"
            useGeneratedKeys="true"
            keyColumn="index"
            keyProperty="index"
            parameterType="com.iforteam.deulsal_i.entities.CampsiteImageEntity">
        INSERT INTO `deulsalE`.`campsite_images`(`campsite_index`, `img_name`, `img_size`, `img_content_type`,
                                                 `img_data`, `client_ip`, `client_ua`)
        VALUES (#{campsiteIndex},
                #{imgName},
                #{imgSize},
                #{imgContentType},
                #{imgData},
                #{clientIp},
                #{clientUa})
    </insert>

    <insert id="insertCampsiteFile"
            useGeneratedKeys="true"
            keyColumn="index"
            keyProperty="index"
            parameterType="com.iforteam.deulsal_i.entities.CampsiteFileEntity">
        INSERT INTO `deulsalE`.`campsite_files`(`campsite_index`, `file_name`, `file_size`, `file_content_type`,
                                                `file_data`, `client_ip`, `client_ua`)
        VALUES (#{campsiteIndex},
                #{fileName},
                #{fileSize},
                #{fileContentType},
                #{fileData},
                #{clientIp},
                #{clientUa})
    </insert>

    <insert id="insertAdditionalFacility"
            useGeneratedKeys="true"
            keyColumn="index"
            keyProperty="index"
            parameterType="com.iforteam.deulsal_i.entities.AdditionalFacilityEntity">
        INSERT INTO `deulsalE`.`additional_facilities`(`campsite_index`, `elt`, `boil`, `wifi`, `firewood`, `trails_in`,
                                                       `market`, `toilet`, `bath`, `sink`, `extinguish`)
        VALUES (#{campsiteIndex},
                #{elt},
                #{boil},
                #{wifi},
                #{firewood},
                #{trailsIn},
                #{market},
                #{toilet},
                #{bath},
                #{sink},
                #{extinguish})
    </insert>

    <insert id="insertPeripheralFacility"
            useGeneratedKeys="true"
            keyColumn="index"
            keyProperty="index"
            parameterType="com.iforteam.deulsal_i.entities.PeripheralFacilityEntity">
        INSERT INTO `deulsalE`.`peripheral_facilities`(`campsite_index`, `fishing`, `trails_out`, `sea_bath`, `leisure`,
                                                       `valley`, `river`, `poll`, `ex_teen`, `ex_country`, `amuse_kid`)
        VALUES (#{campsiteIndex},
                #{fishing},
                #{trailsOut},
                #{seaBath},
                #{leisure},
                #{valley},
                #{river},
                #{poll},
                #{exTeen},
                #{exCountry},
                #{amuseKid})
    </insert>

    <insert id="insertGrampingFacility"
            useGeneratedKeys="true"
            keyColumn="index"
            keyProperty="index"
            parameterType="com.iforteam.deulsal_i.entities.GrampingFacilityEntity">
        INSERT INTO `deulsalE`.glamping_facilities(campsite_index, bed, television, refrigerator, internet, toilet,
                                                   air_conditioner, heater, utensil)
        VALUES (#{campsiteIndex},
                #{bed},
                #{television},
                #{refrigerator},
                #{internet},
                #{grampingToilet},
                #{airConditioner},
                #{heater},
                #{utensil})
    </insert>

    <insert id="insertEventImg"
            useGeneratedKeys="true"
            keyColumn="index"
            keyProperty="index"
            parameterType="com.iforteam.deulsal_i.entities.EventImageEntity">
        INSERT INTO `deulsalE`.`event_images`(`name`, `size`, `content_type`, `data`, `client_ip`, `client_ua`)
        VALUES (#{name},
                #{size},
                #{contentType},
                #{data},
                #{clientIp},
                #{clientUa})
    </insert>

    <insert id="insertEvent"
            useGeneratedKeys="true"
            keyColumn="index"
            keyProperty="index"
            parameterType="com.iforteam.deulsal_i.entities.EventEntity">
        INSERT INTO `deulsalE`.`events`(`user_index`, `campsite_index`, `campsite_name`, `title`, `content`,
                                        `start_day`, `end_day`, `client_ip`, `client_ua`, `src`)
        VALUES (#{userIndex},
                #{campsiteIndex},
                #{campsiteName},
                #{title},
                #{content},
                #{startDay},
                #{endDay},
                #{clientIp},
                #{clientUa},
                #{src})
    </insert>

    <insert id="insertEventFile"
            useGeneratedKeys="true"
            keyColumn="index"
            keyProperty="index"
            parameterType="com.iforteam.deulsal_i.entities.EventFileEntity">
        INSERT INTO `deulsalE`.`event_files`(`event_index`, `file_name`, `file_size`, `file_content_type`, `file_data`,
                                             `client_ip`, `client_ua`)
        VALUES (#{eventIndex},
                #{fileName},
                #{fileSize},
                #{fileContentType},
                #{fileData},
                #{clientIp},
                #{clientUa})
    </insert>

    <select id="selectCampsiteByName"
            resultType="com.iforteam.deulsal_i.entities.CampsiteEntity">
        SELECT `index`             AS `index`,
               `user_index`        AS `userIndex`,
               `name`              AS `name`,
               `business`          AS `business`,
               `number_ad`         AS `numberAd`,
               `road_ad`           AS `roadAd`,
               `general_cnt`       AS `generalCnt`,
               `auto_cnt`          AS `autoCnt`,
               `caravan_cnt`       AS `caravanCnt`,
               `glamping_cnt`      AS `glampingCnt`,
               `contact`           AS `contact`,
               `characteristics`   AS `characteristics`,
               `introduction`      AS `introduction`,
               `spring`            AS `spring`,
               `summer`            AS `summer`,
               `fall`              AS `fall`,
               `winter`            AS `winter`,
               `weekday`           AS `weekday`,
               `weekend`           AS `weekend`,
               `url`               AS `url`,
               `portal_rating`     AS `portalRating`,
               `rating`            AS `rating`,
               `portal_review_cnt` AS `portalReviewCnt`,
               `review_cnt`        AS `reviewCnt`,
               `bookmark_cnt`      AS `bookmarkCnt`,
               `created_at`        AS `createdAt`,
               `reservation_flag`  AS `isReservation`,
               `cost_list`         AS `costList`,
               `deleted_flag`      AS `isDeleted`,
               `latitude`          AS `latitude`,
               `longitude`         AS `longitude`
        FROM `deulsalE`.`campsites`
        WHERE TRIM(LOWER(`name`)) LIKE CONCAT('%', #{searchCriterion}, '%')
          AND `user_index` IS NULL
        ORDER BY `index`
        LIMIT #{pageModel.pageCount} OFFSET #{pageModel.offset}
    </select>

    <select id="selectCampsiteCount"
            resultType="int">
        SELECT COUNT(0)
        FROM `deulsalE`.`campsites`
        WHERE TRIM(LOWER(`name`)) LIKE CONCAT('%', #{name}, '%')  AND `user_index` IS NULL
    </select>

    <select id="selectCampsiteByLatLng"
            resultType="com.iforteam.deulsal_i.entities.CampsiteEntity">
        SELECT `index`             AS `index`,
               `user_index`        AS `userIndex`,
               `name`              AS `name`,
               `business`          AS `business`,
               `number_ad`         AS `numberAd`,
               `road_ad`           AS `roadAd`,
               `general_cnt`       AS `generalCnt`,
               `auto_cnt`          AS `autoCnt`,
               `caravan_cnt`       AS `caravanCnt`,
               `glamping_cnt`      AS `glampingCnt`,
               `contact`           AS `contact`,
               `characteristics`   AS `characteristics`,
               `introduction`      AS `introduction`,
               `spring`            AS `spring`,
               `summer`            AS `summer`,
               `fall`              AS `fall`,
               `winter`            AS `winter`,
               `weekday`           AS `weekday`,
               `weekend`           AS `weekend`,
               `url`               AS `url`,
               `portal_rating`     AS `portalRating`,
               `rating`            AS `rating`,
               `portal_review_cnt` AS `portalReviewCnt`,
               `review_cnt`        AS `reviewCnt`,
               `bookmark_cnt`      AS `bookmarkCnt`,
               `created_at`        AS `createdAt`,
               `reservation_flag`  AS `isReservation`,
               `cost_list`         AS `costList`,
               `deleted_flag`      AS `isDeleted`,
               `latitude`          AS `latitude`,
               `longitude`         AS `longitude`
        FROM `deulsalE`.`campsites`
        WHERE `latitude` = #{latitude}
          AND `longitude` = #{longitude}
        LIMIT 1
    </select>

    <select id="selectCampsiteByIndex"
            resultType="com.iforteam.deulsal_i.entities.CampsiteEntity">
        SELECT `index`             AS `index`,
               `user_index`        AS `userIndex`,
               `name`              AS `name`,
               `business`          AS `business`,
               `number_ad`         AS `numberAd`,
               `road_ad`           AS `roadAd`,
               `general_cnt`       AS `generalCnt`,
               `auto_cnt`          AS `autoCnt`,
               `caravan_cnt`       AS `caravanCnt`,
               `glamping_cnt`      AS `glampingCnt`,
               `contact`           AS `contact`,
               `characteristics`   AS `characteristics`,
               `introduction`      AS `introduction`,
               `spring`            AS `spring`,
               `summer`            AS `summer`,
               `fall`              AS `fall`,
               `winter`            AS `winter`,
               `weekday`           AS `weekday`,
               `weekend`           AS `weekend`,
               `url`               AS `url`,
               `portal_rating`     AS `portalRating`,
               `rating`            AS `rating`,
               `portal_review_cnt` AS `portalReviewCnt`,
               `review_cnt`        AS `reviewCnt`,
               `bookmark_cnt`      AS `bookmarkCnt`,
               `created_at`        AS `createdAt`,
               `reservation_flag`  AS `isReservation`,
               `cost_list`         AS `costList`,
               `deleted_flag`      AS `isDeleted`,
               `latitude`          AS `latitude`,
               `longitude`         AS `longitude`
        FROM `deulsalE`.`campsites`
        WHERE `index` = #{index}
        LIMIT 1
    </select>

    <select id="selectCampsiteByIndexUserNull"
            resultType="com.iforteam.deulsal_i.entities.CampsiteEntity">
        SELECT `index`             AS `index`,
               `user_index`        AS `userIndex`,
               `name`              AS `name`,
               `business`          AS `business`,
               `number_ad`         AS `numberAd`,
               `road_ad`           AS `roadAd`,
               `general_cnt`       AS `generalCnt`,
               `auto_cnt`          AS `autoCnt`,
               `caravan_cnt`       AS `caravanCnt`,
               `glamping_cnt`      AS `glampingCnt`,
               `contact`           AS `contact`,
               `characteristics`   AS `characteristics`,
               `introduction`      AS `introduction`,
               `spring`            AS `spring`,
               `summer`            AS `summer`,
               `fall`              AS `fall`,
               `winter`            AS `winter`,
               `weekday`           AS `weekday`,
               `weekend`           AS `weekend`,
               `url`               AS `url`,
               `portal_rating`     AS `portalRating`,
               `rating`            AS `rating`,
               `portal_review_cnt` AS `portalReviewCnt`,
               `review_cnt`        AS `reviewCnt`,
               `bookmark_cnt`      AS `bookmarkCnt`,
               `created_at`        AS `createdAt`,
               `reservation_flag`  AS `isReservation`,
               `cost_list`         AS `costList`,
               `deleted_flag`      AS `isDeleted`,
               `latitude`          AS `latitude`,
               `longitude`         AS `longitude`
        FROM `deulsalE`.`campsites`
        WHERE `index` = #{index}
          AND `user_index` IS NULL
        LIMIT 1
    </select>

    <select id="selectCampsiteByUserIndex"
            resultType="com.iforteam.deulsal_i.entities.CampsiteEntity">
        SELECT `index`             AS `index`,
               `user_index`        AS `userIndex`,
               `name`              AS `name`,
               `business`          AS `business`,
               `number_ad`         AS `numberAd`,
               `road_ad`           AS `roadAd`,
               `general_cnt`       AS `generalCnt`,
               `auto_cnt`          AS `autoCnt`,
               `caravan_cnt`       AS `caravanCnt`,
               `glamping_cnt`      AS `glampingCnt`,
               `contact`           AS `contact`,
               `characteristics`   AS `characteristics`,
               `introduction`      AS `introduction`,
               `spring`            AS `spring`,
               `summer`            AS `summer`,
               `fall`              AS `fall`,
               `winter`            AS `winter`,
               `weekday`           AS `weekday`,
               `weekend`           AS `weekend`,
               `url`               AS `url`,
               `portal_rating`     AS `portalRating`,
               `rating`            AS `rating`,
               `portal_review_cnt` AS `portalReviewCnt`,
               `review_cnt`        AS `reviewCnt`,
               `bookmark_cnt`      AS `bookmarkCnt`,
               `created_at`        AS `createdAt`,
               `reservation_flag`  AS `isReservation`,
               `cost_list`         AS `costList`,
               `deleted_flag`      AS `isDeleted`,
               `latitude`          AS `latitude`,
               `longitude`         AS `longitude`
        FROM `deulsalE`.`campsites`
        WHERE `user_index` = #{userIndex}
    </select>

    <select id="selectAdditionalFacilityByIndex"
            resultType="com.iforteam.deulsal_i.entities.AdditionalFacilityEntity">
        SELECT `index`          AS `index`,
               `campsite_index` AS `campsiteIndex`,
               `elt`            AS `elt`,
               `boil`           AS `boil`,
               `wifi`           AS `wifi`,
               `firewood`       AS `firewood`,
               `trails_in`      AS `trailsIn`,
               `market`         AS `market`,
               `toilet`         AS `toilet`,
               `bath`           AS `bath`,
               `sink`           AS `sink`,
               `extinguish`     AS `extinguish`
        FROM `deulsalE`.`additional_facilities`
        WHERE `campsite_index` = #{index}
        LIMIT 1
    </select>

    <select id="selectPeripheralFacilityByIndex"
            resultType="com.iforteam.deulsal_i.entities.PeripheralFacilityEntity">
        SELECT `index`          AS `index`,
               `campsite_index` AS `campsiteIndex`,
               `fishing`        AS `fishing`,
               `trails_out`     AS `trailsOut`,
               `sea_bath`       AS `seaBath`,
               `leisure`        AS `leisure`,
               `valley`         AS `valley`,
               `river`          AS `river`,
               `poll`           AS `poll`,
               `ex_teen`        AS `exTeen`,
               `ex_country`     AS `exCountry`,
               `amuse_kid`      AS `amuseKid`
        FROM `deulsalE`.`peripheral_facilities`
        WHERE `campsite_index` = #{index}
        LIMIT 1
    </select>

    <select id="selectGrampingFacilityByIndex"
            resultType="com.iforteam.deulsal_i.entities.GrampingFacilityEntity">
        SELECT `index`           AS `index`,
               `campsite_index`  AS `campsiteIndex`,
               `bed`             AS `bed`,
               `television`      AS `television`,
               `refrigerator`    AS `refrigerator`,
               `internet`        AS `internet`,
               `toilet`          AS `grampingToilet`,
               `air_conditioner` AS `airConditioner`,
               `heater`          AS `heater`,
               `utensil`         AS `utensil`
        FROM deulsalE.glamping_facilities
        WHERE `campsite_index` = #{index}
        LIMIT 1
    </select>

    <select id="selectCampsiteImageByIndex"
            resultType="com.iforteam.deulsal_i.entities.CampsiteImageEntity">
        SELECT `index`            AS `index`,
               `campsite_index`   AS `campsiteIndex`,
               `img_name`         AS `imgName`,
               `img_size`         AS `imgSize`,
               `img_content_type` AS `imgContentType`,
               `img_data`         AS `imgData`,
               `client_ip`        AS `clientIp`,
               `client_ua`        AS `clientUa`,
               `created_at`       AS `createdAt`
        FROM `deulsalE`.`campsite_images`
        WHERE campsite_index = #{index}
        ORDER BY `index`
    </select>

    <select id="selectCampsiteImageCountByIndex"
            resultType="int">
        SELECT COUNT(0)
        FROM `deulsalE`.`campsite_images`
        WHERE campsite_index = #{index}
    </select>

    <select id="selectCampsiteImgIndexByCampsiteIndex"
            resultType="int">
        SELECT `index`
        FROM `deulsalE`.`campsite_images`
        WHERE campsite_index = #{index}
        ORDER BY `index`
    </select>

    <select id="selectEventImageByIndex"
            resultType="com.iforteam.deulsal_i.entities.EventImageEntity">
        SELECT `index`        AS `index`,
               `name`         AS `name`,
               `size`         AS `size`,
               `content_type` AS `contentType`,
               `data`         AS `data`,
               `created_at`   AS `createdAt`,
               `client_ip`    AS `clientIp`,
               `client_ua`    AS `clientUa`
        FROM `deulsalE`.`event_images`
        WHERE `index` = #{index}
        LIMIT 1
    </select>

    <select id="selectEventByUserIndex"
            resultType="com.iforteam.deulsal_i.entities.EventEntity">
        SELECT `index`          AS `index`,
               `user_index`     AS `userIndex`,
               `campsite_index` AS `campsiteIndex`,
               `campsite_name`  AS `campsiteName`,
               `title`          AS `title`,
               `content`        AS `content`,
               `start_day`      AS `startDay`,
               `end_day`        AS `endDay`,
               `client_ip`      AS `clientIp`,
               `client_ua`      AS `clientUa`,
               `created_at`     AS `createdAt`
        FROM `deulsalE`.`events`
        WHERE `user_index` = #{userIndex}
    </select>

    <select id="selectEventByIndex"
            resultType="com.iforteam.deulsal_i.entities.EventEntity">
        SELECT `index`          AS `index`,
               `user_index`     AS `userIndex`,
               `campsite_index` AS `campsiteIndex`,
               `campsite_name`  AS `campsiteName`,
               `title`          AS `title`,
               `content`        AS `content`,
               `start_day`      AS `startDay`,
               `end_day`        AS `endDay`,
               `client_ip`      AS `clientIp`,
               `client_ua`      AS `clientUa`,
               `created_at`     AS `createdAt`
        FROM `deulsalE`.`events`
        WHERE `index` = #{index}
        LIMIT 1
    </select>

    <select id="selectReservationByCampsiteIndex" resultType="com.iforteam.deulsal_i.entities.ReservationEntity">
        SELECT `index` AS `index`,
        `user_index` AS `userIndex`,
        `campsite_index` AS `campsiteIndex`,
        `user_contact` AS `userContact`,
        `user_id` AS `userId`,
        `user_name` AS `userName`,
        `site` AS `site`,
        `start_day` AS `startDay`,
        `end_day` AS `endDay`,
        `cost` AS `cost`,
        `person` AS `person`,
        `status` AS `status`,
        `created_at` AS `createdAt`
        FROM `deulsalE`.`reservations`
        WHERE `campsite_index` IN
        <foreach collection="campsiteIndexList" item="type"  open="(" close=")" separator=",">
            #{type.value}
        </foreach>
        AND `status` = 0
        ORDER BY `created_at`
        LIMIT #{pageModel.pageCount} OFFSET #{pageModel.offset}
    </select>

    <select id="selectDepositByCampsiteIndex" resultType="com.iforteam.deulsal_i.entities.ReservationEntity">
        SELECT `index` AS `index`,
        `user_index` AS `userIndex`,
        `campsite_index` AS `campsiteIndex`,
        `user_contact` AS `userContact`,
        `user_id` AS `userId`,
        `user_name` AS `userName`,
        `site` AS `site`,
        `start_day` AS `startDay`,
        `end_day` AS `endDay`,
        `cost` AS `cost`,
        `person` AS `person`,
        `status` AS `status`,
        `created_at` AS `createdAt`
        FROM `deulsalE`.`reservations`
        WHERE `campsite_index` IN
        <foreach collection="campsiteIndexList" item="type"  open="(" close=")" separator=",">
            #{type.value}
        </foreach>
        AND `status` = 3
        ORDER BY `created_at`
        LIMIT #{pageModel.pageCount} OFFSET #{pageModel.offset}
    </select>

    <select id="selectReservationAllByCampsiteIndex" resultType="com.iforteam.deulsal_i.entities.ReservationEntity">
        SELECT `index` AS `index`,
        `user_index` AS `userIndex`,
        `campsite_index` AS `campsiteIndex`,
        `user_contact` AS `userContact`,
        `user_id` AS `userId`,
        `user_name` AS `userName`,
        `site` AS `site`,
        `start_day` AS `startDay`,
        `end_day` AS `endDay`,
        `cost` AS `cost`,
        `person` AS `person`,
        `status` AS `status`,
        `created_at` AS `createdAt`
        FROM `deulsalE`.`reservations`
        WHERE `campsite_index` IN
        <foreach collection="campsiteIndexList" item="type"  open="(" close=")" separator=",">
            #{type.value}
        </foreach>
        ORDER BY `created_at`
        LIMIT #{pageModel.pageCount} OFFSET #{pageModel.offset}
    </select>

    <select id="selectReservationCountByCampsiteIndex" resultType="int">
        SELECT COUNT(0)
        FROM `deulsalE`.`reservations`
        WHERE `campsite_index` IN
        <foreach collection="campsiteIndexList" item="type"  open="(" close=")" separator=",">
            #{type.value}
        </foreach>
        AND `status` = 0
        ORDER BY `created_at`
    </select>

    <select id="selectDepositCountByCampsiteIndex" resultType="int">
        SELECT COUNT(0)
        FROM `deulsalE`.`reservations`
        WHERE `campsite_index` IN
        <foreach collection="campsiteIndexList" item="type"  open="(" close=")" separator=",">
            #{type.value}
        </foreach>
        AND `status` = 3
        ORDER BY `created_at`
    </select>

    <select id="selectAllCountByCampsiteIndex" resultType="int">
        SELECT COUNT(0)
        FROM `deulsalE`.`reservations`
        WHERE `campsite_index` IN
        <foreach collection="campsiteIndexList" item="type"  open="(" close=")" separator=",">
            #{type.value}
        </foreach>
        ORDER BY `created_at`
    </select>

    <select id="selectReservationByIndex" resultType="com.iforteam.deulsal_i.entities.ReservationEntity">
        SELECT `index` AS `index`,
        `user_index` AS `userIndex`,
        `campsite_index` AS `campsiteIndex`,
        `user_contact` AS `userContact`,
        `user_id` AS `userId`,
        `user_name` AS `userName`,
        `site` AS `site`,
        `start_day` AS `startDay`,
        `end_day` AS `endDay`,
        `cost` AS `cost`,
        `person` AS `person`,
        `status` AS `status`,
        `created_at` AS `createdAt`
        FROM `deulsalE`.`reservations`
        WHERE `index` = #{index}
        LIMIT 1
    </select>

    <select id="selectEventFileCountByIndex"
            resultType="int">
        SELECT COUNT(0)
        FROM `deulsalE`.`event_files`
        WHERE `index` = #{index}
    </select>

    <update id="updateCampsite"
            parameterType="com.iforteam.deulsal_i.entities.CampsiteEntity">
        UPDATE `deulsalE`.`campsites`
        SET `user_index`        = #{userIndex},
            `name`              = #{name},
            `business`          = #{business},
            `number_ad`         = #{numberAd},
            `road_ad`           = #{roadAd},
            `general_cnt`       = #{generalCnt},
            `auto_cnt`          = #{autoCnt},
            `caravan_cnt`       = #{caravanCnt},
            `glamping_cnt`      = #{glampingCnt},
            `contact`           = #{contact},
            `characteristics`   = #{characteristics},
            `introduction`      = #{introduction},
            `spring`            = #{spring},
            `summer`            = #{summer},
            `fall`              = #{fall},
            `winter`            = #{winter},
            `weekday`           = #{weekday},
            `weekend`           = #{weekend},
            `url`               = #{url},
            `portal_rating`     = #{portalRating},
            `rating`            = #{rating},
            `portal_review_cnt` = #{portalReviewCnt},
            `review_cnt`        = #{reviewCnt},
            `bookmark_cnt`      = #{bookmarkCnt},
            `created_at`        = #{createdAt},
            `reservation_flag`  = #{isReservation},
            `cost_list`         = #{costList},
            `deleted_flag`      = #{isDeleted},
            `latitude`          = #{latitude},
            `longitude`         = #{longitude}
        WHERE `index` = #{index}
        LIMIT 1;
    </update>

    <update id="updateAdditionalFacility"
            parameterType="com.iforteam.deulsal_i.entities.AdditionalFacilityEntity">
        UPDATE `deulsalE`.`additional_facilities`
        SET `elt`        = #{elt},
            `boil`       = #{boil},
            `wifi`       = #{wifi},
            `firewood`   = #{firewood},
            `trails_in`  = #{trailsIn},
            `market`     = #{market},
            `toilet`     = #{toilet},
            `bath`       = #{bath},
            `sink`       = #{sink},
            `extinguish` = #{extinguish}
        WHERE `campsite_index` = #{campsiteIndex}
        LIMIT 1;
    </update>

    <update id="updatePeripheralFacility"
            parameterType="com.iforteam.deulsal_i.entities.PeripheralFacilityEntity">
        UPDATE `deulsalE`.`peripheral_facilities`
        SET `fishing`    = #{fishing},
            `trails_out` = #{trailsOut},
            `sea_bath`   = #{seaBath},
            `leisure`    = #{leisure},
            `valley`     = #{valley},
            `river`      = #{river},
            `poll`       = #{poll},
            `ex_teen`    = #{exTeen},
            `ex_country` = #{exCountry},
            `amuse_kid`  = #{amuseKid}
        WHERE `campsite_index` = #{campsiteIndex}
        LIMIT 1;
    </update>

    <update id="updateGrampingFacility"
            parameterType="com.iforteam.deulsal_i.entities.GrampingFacilityEntity">
        UPDATE `deulsalE`.`glamping_facilities`
        SET `bed`             = #{bed},
            `television`      = #{television},
            `refrigerator`    = #{refrigerator},
            `internet`        = #{internet},
            `toilet`          = #{grampingToilet},
            `air_conditioner` = #{airConditioner},
            `heater`          = #{heater},
            `utensil`         = #{utensil}
        WHERE `campsite_index` = #{campsiteIndex}
        LIMIT 1;
    </update>

    <update id="updateEvent"
            parameterType="com.iforteam.deulsal_i.entities.EventEntity">
        UPDATE `deulsalE`.`events`
        SET `index`          = #{index},
            `user_index`     = #{userIndex},
            `campsite_index` = #{campsiteIndex},
            `campsite_name`  = #{campsiteName},
            `title`          = #{title},
            `content`        = #{content},
            `start_day`      = #{startDay},
            `end_day`        = #{endDay},
            `client_ip`      = #{clientIp},
            `client_ua`      = #{clientUa}
        WHERE `index` = #{index}
        LIMIT 1
    </update>

    <update id="updateReservation"
            parameterType="com.iforteam.deulsal_i.entities.ReservationEntity">
        UPDATE `deulsalE`.`reservations`
        SET `index`          = #{index},
            `user_index`     = #{userIndex},
            `campsite_index` = #{campsiteIndex},
            `user_contact`   = #{userContact},
            `user_id`        = #{userId},
            `user_name`      = #{userName},
            `site`           = #{site},
            `start_day`      = #{startDay},
            `end_day`        = #{endDay},
            `cost`           = #{cost},
            `person`         = #{person},
            `status`         = #{status},
            `created_at`     = #{createdAt}
        WHERE `index` = #{index}
    </update>

    <delete id="deleteCampsiteImg">
        DELETE
        FROM `deulsalE`.`campsite_images`
        WHERE `index` = #{index}
        LIMIT 1
    </delete>

    <delete id="deleteEventFile">
        DELETE
        FROM `deulsalE`.`event_files`
        WHERE event_index = #{eventIndex}
    </delete>

    <delete id="deleteEvent">
        DELETE
        FROM `deulsalE`.`events`
        WHERE `index` = #{eventIndex}
    </delete>
</mapper>