<?xml version="1.0" encoding="UTF-8" ?>
<!DOCTYPE mapper
        PUBLIC "-//mybatis.org//DTD Mapper 3.0//EN"
        "https://mybatis.org/dtd/mybatis-3-mapper.dtd">
<mapper namespace="com.iforteam.deulsal_i.mappers.HelpMapper">

    <insert id="insertNotice"
            useGeneratedKeys="true"
            keyColumn="index"
            keyProperty="index"
            parameterType="com.iforteam.deulsal_i.entities.NoticeEntity">
        INSERT INTO `deulsalE`.`notice` (`subject`, `content`,
                                         `created_at`, `deleted_flag`, `sort`, `view`, `client_ip`,
                                         `client_ua`)
        VALUES (#{subject},
                #{content},
                IFNULL(#{createdAt}, DEFAULT(`created_at`)),
                #{isDeleted},
                #{sort},
                #{view},
                #{clientIp},
                #{clientUa})
    </insert>

    <insert id="insertNoticeFile"
            useGeneratedKeys="true"
            keyColumn="index"
            keyProperty="index"
            parameterType="com.iforteam.deulsal_i.entities.NoticeFileEntity">
        INSERT INTO `deulsalE`.`notice_files` (`notice_index`, `file_name`, `file_size`, `file_content_type`,
                                               `file_data`)
        VALUES (#{noticeIndex},
                #{fileName},
                #{fileSize},
                #{fileContentType},
                #{fileData})
    </insert>

    <!-- 이미지를 데이터베이스에 저장 -->
    <insert id="insertNoticeImage"
            useGeneratedKeys="true"
            keyColumn="index"
            keyProperty="index"
            parameterType="com.iforteam.deulsal_i.entities.NoticeImageEntity">
        INSERT INTO `deulsalE`.`notice_images` (`img_name`, `img_size`, `img_content_type`,
                                                `img_data`, `client_ip`, `client_ua`, `created_at`)
        VALUES (#{imgName},
                #{imgSize},
                #{imgContentType},
                #{imgData},
                #{clientIp},
                #{clientUa},
                IFNULL(#{createdAt}, DEFAULT(`created_at`)))
    </insert>

    <select id="NoticeSelectAll" resultType="com.iforteam.deulsal_i.entities.NoticeEntity">
        SELECT `index`        AS `index`,
               `subject`      AS `subject`,
               `content`      AS `content`,
               `created_at`   AS `createdAt`,
               `deleted_flag` AS `isDeleted`,
               `sort`         AS `sort`,
               `view`         AS `view`,
               `client_ip`    AS `clientIp`,
               `client_ua`    AS `clientUa`
        FROM `deulsalE`.`notice`
        ORDER BY `index` DESC
    </select>


    <select id="selectNoticeByIndex"
            resultType="com.iforteam.deulsal_i.entities.NoticeEntity">
        SELECT `index`        AS `index`,
               `subject`      AS `subject`,
               `content`      AS `content`,
               `created_at`   AS `createdAt`,
               `deleted_flag` AS `isDeleted`,
               `sort`         AS `sort`,
               `view`         AS `view`,
               `client_ip`    AS `clientIp`,
               `client_ua`    AS `clientUa`
        FROM `deulsalE`.`notice`
        WHERE `index` = #{index}
        LIMIT 1
    </select>

    <!--이전글 조회-->
    <select id="selectFindTopByIndexLessThanOrderByIndexDesc"
            resultType="com.iforteam.deulsal_i.entities.NoticeEntity">
        SELECT `index`        AS `index`,
               `subject`      AS `subject`,
               `content`      AS `content`,
               `created_at`   AS `createdAt`,
               `deleted_flag` AS `isDeleted`,
               `sort`         AS `sort`,
               `view`         AS `view`,
               `client_ip`    AS `clientIp`,
               `client_ua`    AS `clientUa`
        FROM `deulsalE`.`notice`
        WHERE #{index} > `index`
        ORDER BY `index` DESC
        LIMIT 1
    </select>

    <!-- 다음글 조회-->
    <select id="selectFindTopByIndexGreaterThanOrderByIndexAsc"
            resultType="com.iforteam.deulsal_i.entities.NoticeEntity">
        SELECT `index`        AS `index`,
               `subject`      AS `subject`,
               `content`      AS `content`,
               `created_at`   AS `createdAt`,
               `deleted_flag` AS `isDeleted`,
               `sort`         AS `sort`,
               `view`         AS `view`,
               `client_ip`    AS `clientIp`,
               `client_ua`    AS `clientUa`
        FROM `deulsalE`.`notice`
        WHERE `index` > #{index}
        ORDER BY `index` ASC
        LIMIT 1
    </select>


    <!-- 게시글 인덱스를 매개변수로 받아 해당 게시글에 대한 첨부 파일들을 조회 -->
    <select id="selectNoticeFilesByNoticeIndexNoData"
            resultType="com.iforteam.deulsal_i.entities.NoticeFileEntity">
        SELECT `index`             AS `index`,
               `notice_index`      AS `noticeIndex`,
               `file_name`         AS `fileName`,
               `file_size`         AS `fileSize`,
               `file_content_type` AS `fileContentType`,
               `file_data`         AS `fileData`
        FROM `deulsalE`.`notice_files`
        WHERE `notice_index` = #{noticeIndex}
    </select>

    <!-- 주어진 인덱스에 해당하는 첨부파일을 데이터베이스에서 조회 -->
    <select id="selectNoticeFile"
            resultType="com.iforteam.deulsal_i.entities.NoticeFileEntity">
        SELECT `index`             AS `index`,
               `notice_index`      AS `noticeIndex`,
               `file_name`         AS `fileName`,
               `file_size`         AS `fileSize`,
               `file_content_type` AS `fileContentType`,
               `file_data`         AS `fileData`
        FROM `deulsalE`.`notice_files`
        WHERE `index` = #{index}
        LIMIT 1
    </select>

    <!-- 주어진 인덱스에 해당하는 이미지를 데이터베이스에서 조회 -->
    <select id="selectNoticeImage"
            resultType="com.iforteam.deulsal_i.entities.NoticeImageEntity">
        SELECT `index`            AS `index`,
               `img_name`         AS `imgName`,
               `img_size`         AS `imgSize`,
               `img_content_type` AS `imgContentType`,
               `img_data`         AS `imgData`,
               `client_ip`        AS `clientIp`,
               `client_ua`        AS `clientUa`,
               `created_at`       AS `createdAt`
        FROM `deulsalE`.`notice_images`
        WHERE `index` = #{index}
        LIMIT 1
    </select>

    <select id="selectGetCountBySearchCriterion" resultType="int">
        SELECT COUNT(*) AS totalPosts
        FROM `deulsalE`.`notice`
        WHERE (TRIM(LOWER(`subject`)) LIKE CONCAT('%', #{searchCriterion}, '%')
           OR TRIM(LOWER(`content`)) LIKE CONCAT('%', #{searchCriterion}, '%'))
            AND BINARY `sort` LIKE CONCAT('%', #{sort}, '%')
    </select>

    <select id="selectByPage" resultType="com.iforteam.deulsal_i.entities.NoticeEntity">
        SELECT `index`        AS `index`,
               `subject`      AS `subject`,
               `content`      AS `content`,
               `created_at`   AS `createdAt`,
               `deleted_flag` AS `isDeleted`,
               `sort`         AS `sort`,
               `view`         AS `view`,
               `client_ip`    AS `clientIp`,
               `client_ua`    AS `clientUa`
        FROM `deulsalE`.`notice`
        WHERE BINARY `subject` LIKE CONCAT('%', #{searchCriterion}, '%')
        ORDER BY `index` DESC
        LIMIT #{pageModel.pageCount} OFFSET #{pageModel.offset}
    </select>

    <select id="selectByPageSort" resultType="com.iforteam.deulsal_i.entities.NoticeEntity">
        SELECT `index`        AS `index`,
               `subject`      AS `subject`,
               `content`      AS `content`,
               `created_at`   AS `createdAt`,
               `deleted_flag` AS `isDeleted`,
               `sort`         AS `sort`,
               `view`         AS `view`,
               `client_ip`    AS `clientIp`,
               `client_ua`    AS `clientUa`
        FROM `deulsalE`.`notice`
        WHERE (TRIM(LOWER(`subject`)) LIKE CONCAT('%', #{searchCriterion}, '%')
           OR TRIM(LOWER(`content`)) LIKE CONCAT('%', #{searchCriterion}, '%'))
            AND BINARY `sort` LIKE CONCAT('%', #{sort}, '%')

        ORDER BY `index` DESC
        LIMIT #{pageModel.pageCount} OFFSET #{pageModel.offset}
    </select>

    <select id="selectCount" resultType="int">
        SELECT COUNT(0) AS `count`
        FROM `deulsalE`.`notice`
        WHERE BINARY `subject` LIKE CONCAT('%', #{searchCriterion}, '%')
    </select>

    <!-- 게시글 엔티티를 매개변수로 받아 게시글을 업데이트 -->
    <update id="updateNotice"
            parameterType="com.iforteam.deulsal_i.entities.NoticeEntity">
        UPDATE `deulsalE`.`notice`
        SET `index`        = #{index},
            `subject`      = #{subject},
            `content`      = #{content},
            `created_at`   = #{createdAt},
            `deleted_flag` = #{isDeleted},
            `sort`         = #{sort},
            `view`         = #{view},
            `client_ip`    = #{clientIp},
            `client_ua`    = #{clientUa}
        WHERE `index` = #{index}
        LIMIT 1
    </update>

    <delete id="deleteByIndex">
        DELETE
        FROM `deulsalE`.`notice`
        WHERE `index` = #{index}
        LIMIT 1
    </delete>

    <delete id="deleteFileByIndex">
        DELETE
        FROM `deulsalE`.`notice_files`
        WHERE `notice_index` = #{noticeIndex}
    </delete>
    <select id="modifyByIndex" resultType="com.iforteam.deulsal_i.entities.NoticeEntity">
        SELECT `index`        AS `index`,
               `subject`      AS `subject`,
               `content`      AS `content`,
               `created_at`   AS `createdAt`,
               `deleted_flag` AS `isDeleted`,
               `sort`         AS `sort`,
               `view`         AS `view`,
               `client_ip`    AS `clientIp`,
               `client_ua`    AS `clientUa`
        FROM `deulsalE`.`notice`
        WHERE `index` = #{index}
        LIMIT 1
    </select>


    <!--    <update id="modifyByIndex">-->
    <!--        UPDATE `deulsalE`.`notice`-->
    <!--        SET `index`   = #{index},-->
    <!--            `sort`    = #{sort},-->
    <!--            `subject` = #{subject},-->
    <!--            `content` = #{content}-->
    <!--        WHERE `index` = #{index}-->
    <!--        LIMIT 1-->
    <!--    </update>-->

    <select id="selectSort" resultType="com.iforteam.deulsal_i.entities.NoticeEntity">
        SELECT `index`        AS `index`,
               `subject`      AS `subject`,
               `content`      AS `content`,
               `created_at`   AS `createdAt`,
               `deleted_flag` AS `isDeleted`,
               `sort`         AS `sort`,
               `view`         AS `view`,
               `client_ip`    AS `clientIp`,
               `client_ua`    AS `clientUa`
        FROM `deulsalE`.`notice`
        WHERE BINARY `sort` = #{sort}
        ORDER BY `index` DESC
    </select>

    <select id="getNoticeCountByIndex"
            resultType="int">
        SELECT COUNT(0)
        FROM `deulsalE`.`notice_files`
        WHERE `notice_index` = #{index}
    </select>


    <!--  ===================== notice =====================-->

    <insert id="insertFaq"
            useGeneratedKeys="true"
            keyColumn="index"
            keyProperty="index"
            parameterType="com.iforteam.deulsal_i.entities.FaqEntity">
        INSERT INTO `deulsalE`.`faq` (`subject`, `content`,
                                      `created_at`, `deleted_flag`, `sort`, `view`, `client_ip`,
                                      `client_ua`)
        VALUES (#{subject},
                #{content},
                IFNULL(#{createdAt}, DEFAULT(`created_at`)),
                #{isDeleted},
                #{sort},
                #{view},
                #{clientIp},
                #{clientUa})
    </insert>

    <select id="FaqSelectAll" resultType="com.iforteam.deulsal_i.entities.FaqEntity">
        SELECT `index`        AS `index`,
               `subject`      AS `subject`,
               `content`      AS `content`,
               `created_at`   AS `createdAt`,
               `deleted_flag` AS `isDeleted`,
               `sort`         AS `sort`,
               `view`         AS `view`,
               `client_ip`    AS `clientIp`,
               `client_ua`    AS `clientUa`
        FROM `deulsalE`.`faq`
        ORDER BY `index` DESC
    </select>

    <insert id="insertFaqImage"
            useGeneratedKeys="true"
            keyColumn="index"
            keyProperty="index"
            parameterType="com.iforteam.deulsal_i.entities.FaqImageEntity">
        INSERT INTO `deulsalE`.`faq_images` (`img_name`, `img_size`, `img_content_type`,
                                             `img_data`, `client_ip`, `client_ua`, `created_at`)
        VALUES (#{imgName},
                #{imgSize},
                #{imgContentType},
                #{imgData},
                #{clientIp},
                #{clientUa},
                IFNULL(#{createdAt}, DEFAULT(`created_at`)))
    </insert>

    <select id="selectFaqByIndex"
            resultType="com.iforteam.deulsal_i.entities.FaqEntity">
        SELECT `index`        AS `index`,
               `subject`      AS `subject`,
               `content`      AS `content`,
               `created_at`   AS `createdAt`,
               `deleted_flag` AS `isDeleted`,
               `sort`         AS `sort`,
               `view`         AS `view`,
               `client_ip`    AS `clientIp`,
               `client_ua`    AS `clientUa`
        FROM `deulsalE`.`faq`
        WHERE `index` = #{index}
        LIMIT 1
    </select>

    <select id="selectFaqImage"
            resultType="com.iforteam.deulsal_i.entities.FaqImageEntity">
        SELECT `index`            AS `index`,
               `img_name`         AS `imgName`,
               `img_size`         AS `imgSize`,
               `img_content_type` AS `imgContentType`,
               `img_data`         AS `imgData`,
               `client_ip`        AS `clientIp`,
               `client_ua`        AS `clientUa`,
               `created_at`       AS `createdAt`
        FROM `deulsalE`.`faq_images`
        WHERE `index` = #{index}
        LIMIT 1
    </select>

    <update id="updateFaq"
            parameterType="com.iforteam.deulsal_i.entities.FaqEntity">
        UPDATE `deulsalE`.`faq`
        SET `subject`      = #{subject},
            `content`      = #{content},
            `created_at`   = #{createdAt},
            `deleted_flag` = #{isDeleted},
            `sort`         = #{sort},
            `view`         = #{view},
            `client_ip`    = #{clientIp},
            `client_ua`    = #{clientUa}
        WHERE `index` = #{index}
        LIMIT 1
    </update>

    <select id="selectGetCountFaqBySearchCriterion" resultType="int">
        SELECT COUNT(0)
        FROM `deulsalE`.`faq`
        WHERE (TRIM(LOWER(`subject`)) LIKE CONCAT('%', #{searchCriterion}, '%')
           OR TRIM(LOWER(`content`)) LIKE CONCAT('%', #{searchCriterion}, '%'))
            AND BINARY `sort` LIKE CONCAT('%', #{sort}, '%')
    </select>

    <select id="selectFaqByPageSort" resultType="com.iforteam.deulsal_i.entities.FaqEntity">
        SELECT `index`        AS `index`,
               `subject`      AS `subject`,
               `content`      AS `content`,
               `created_at`   AS `createdAt`,
               `deleted_flag` AS `isDeleted`,
               `sort`         AS `sort`,
               `view`         AS `view`,
               `client_ip`    AS `clientIp`,
               `client_ua`    AS `clientUa`
        FROM `deulsalE`.`faq`
        WHERE (TRIM(LOWER(`subject`)) LIKE CONCAT('%', #{searchCriterion}, '%')
           OR TRIM(LOWER(`content`)) LIKE CONCAT('%', #{searchCriterion}, '%'))
            AND BINARY `sort` LIKE CONCAT('%', #{sort}, '%')
        ORDER BY `index` DESC
        LIMIT #{pageModel.pageCount} OFFSET #{pageModel.offset}
    </select>

    <select id="selectFaqByPage" resultType="com.iforteam.deulsal_i.entities.FaqEntity">
        SELECT `index`        AS `index`,
               `subject`      AS `subject`,
               `content`      AS `content`,
               `created_at`   AS `createdAt`,
               `deleted_flag` AS `isDeleted`,
               `sort`         AS `sort`,
               `view`         AS `view`,
               `client_ip`    AS `clientIp`,
               `client_ua`    AS `clientUa`
        FROM `deulsalE`.`faq`
        WHERE BINARY `subject` LIKE CONCAT('%', #{searchCriterion}, '%')
        ORDER BY `index` DESC
        LIMIT #{pageModel.pageCount} OFFSET #{pageModel.offset}
    </select>

    <select id="selectFaqCount" resultType="int">
        SELECT COUNT(0) AS `count`
        FROM `deulsalE`.`faq`
        WHERE BINARY `subject` LIKE CONCAT('%', #{searchCriterion}, '%')
    </select>

    <update id="modifyFaqByIndex">
        UPDATE `deulsalE`.`faq`
        SET `sort`    = #{sort},
            `subject` = #{subject},
            `content` = #{content}
        WHERE `index` = #{index}
        LIMIT 1
    </update>

    <delete id="deleteFaqByIndex">
        DELETE
        FROM `deulsalE`.`faq`
        WHERE `index` = #{index}
        LIMIT 1
    </delete>

    <!--이전글 조회-->
    <select id="selectFindTopByIndexLessThanOrderByIndexDescFaq"
            resultType="com.iforteam.deulsal_i.entities.FaqEntity">
        SELECT `index`        AS `index`,
               `subject`      AS `subject`,
               `content`      AS `content`,
               `created_at`   AS `createdAt`,
               `deleted_flag` AS `isDeleted`,
               `sort`         AS `sort`,
               `view`         AS `view`,
               `client_ip`    AS `clientIp`,
               `client_ua`    AS `clientUa`
        FROM `deulsalE`.`faq`
        WHERE #{index} > `index`
        ORDER BY `index` DESC
        LIMIT 1
    </select>

    <!-- 다음글 조회-->
    <select id="selectFindTopByIndexGreaterThanOrderByIndexAscFaq"
            resultType="com.iforteam.deulsal_i.entities.FaqEntity">
        SELECT `index`        AS `index`,
               `subject`      AS `subject`,
               `content`      AS `content`,
               `created_at`   AS `createdAt`,
               `deleted_flag` AS `isDeleted`,
               `sort`         AS `sort`,
               `view`         AS `view`,
               `client_ip`    AS `clientIp`,
               `client_ua`    AS `clientUa`
        FROM `deulsalE`.`faq`
        WHERE `index` > #{index}
        ORDER BY `index` ASC
        LIMIT 1
    </select>


    <!--  ===================== faq =====================-->


    <!--  ===================== qna =====================-->

    <insert id="insertQna"
            useGeneratedKeys="true"
            keyColumn="index"
            keyProperty="index"
            parameterType="com.iforteam.deulsal_i.entities.QnaEntity">
        INSERT INTO `deulsalE`.`qna` (`user_id`, `title`, `content`,
                                      `created_at`, `deleted_flag`, `client_ip`,
                                      `client_ua`, `sort_flag`)
        VALUES (#{userId},
                #{title},
                #{content},
                IFNULL(#{createdAt}, DEFAULT(`created_at`)),
                #{isDeleted},
                #{clientIp},
                #{clientUa},
                #{isSort})
    </insert>

    <insert id="insertQnaView"
            useGeneratedKeys="true"
            keyColumn="index"
            keyProperty="index"
            parameterType="com.iforteam.deulsal_i.entities.AnswerEntity">
        INSERT INTO `deulsalE`.`answer` (`qna_index`, `content`, `created_at`, `deleted_flag`,
                                         `client_ip`, `client_ua`)
        VALUES (#{qnaIndex},
                #{content},
                IFNULL(#{createdAt}, DEFAULT(`created_at`)),
                #{isDeleted},
                #{clientIp},
                #{clientUa})
    </insert>

    <insert id="insertQnaFile"
            useGeneratedKeys="true"
            keyColumn="index"
            keyProperty="index"
            parameterType="com.iforteam.deulsal_i.entities.QnaFileEntity">
        INSERT INTO `deulsalE`.`qna_files` (`qna_index`, `file_name`, `file_size`, `file_content_type`,
                                            `file_data`)
        VALUES (#{qnaIndex},
                #{fileName},
                #{fileSize},
                #{fileContentType},
                #{fileData})
    </insert>

    <select id="selectQnaByIndex"
            resultType="com.iforteam.deulsal_i.entities.QnaEntity">
        SELECT `index`        AS `index`,
               `user_id`      AS `userId`,
               `title`        AS `title`,
               `content`      AS `content`,
               `created_at`   AS `createdAt`,
               `deleted_flag` AS `isDeleted`,
               `client_ip`    AS `clientIp`,
               `client_ua`    AS `clientUa`,
               `sort_flag`    AS `isSort`
        FROM `deulsalE`.`qna`
        WHERE `index` = #{index}

    </select>

    <select id="selectAnswerByQnaIndex"
            resultType="com.iforteam.deulsal_i.entities.AnswerEntity">
        SELECT `index`        AS `index`,
               `qna_index`    AS `qnaIndex`,
               `content`      AS `content`,
               `created_at`   AS `createdAt`,
               `deleted_flag` AS `isDeleted`,
               `client_ip`    AS `clientIp`,
               `client_ua`    AS `clientUa`
        FROM `deulsalE`.`answer`
        WHERE `qna_index` = #{qnaIndex}
        limit 1
    </select>

    <!-- 게시글 인덱스를 매개변수로 받아 해당 게시글에 대한 첨부 파일들을 조회 -->
    <select id="selectQnaFilesByQnaIndexNoData"
            resultType="com.iforteam.deulsal_i.entities.QnaFileEntity">
        SELECT `index`             AS `index`,
               `qna_index`         AS `qnaIndex`,
               `file_name`         AS `fileName`,
               `file_size`         AS `fileSize`,
               `file_content_type` AS `fileContentType`,
               `file_data`         AS `fileData`
        FROM `deulsalE`.`qna_files`
        WHERE `qna_index` = #{qnaIndex}
    </select>

    <!-- 주어진 인덱스에 해당하는 첨부파일을 데이터베이스에서 조회 -->
    <select id="selectQnaFile"
            resultType="com.iforteam.deulsal_i.entities.QnaFileEntity">
        SELECT `index`             AS `index`,
               `qna_index`         AS `qnaIndex`,
               `file_name`         AS `fileName`,
               `file_size`         AS `fileSize`,
               `file_content_type` AS `fileContentType`,
               `file_data`         AS `fileData`
        FROM `deulsalE`.`qna_files`
        WHERE `index` = #{index}
        LIMIT 1
    </select>

    <!--모든 문의 내역의 개수 조회-->
    <select id="selectAllQnaCount" resultType="int">
        SELECT COUNT(0) AS `count`
        FROM `deulsalE`.`qna`
        WHERE BINARY `title` LIKE CONCAT('%', #{searchCriterion}, '%')
    </select>

    <!--사용자가 문의한 내역의 개수 조회-->
    <select id="selectUserQnaCount" resultType="int">
        SELECT COUNT(0) AS `count`
        FROM `deulsalE`.`qna`
        WHERE BINARY `title` LIKE CONCAT('%', #{searchCriterion}, '%')
          AND `user_id` = #{userId}
    </select>

    <!--관리자용 문의 내역 조회-->
    <select id="selectAllQnaByPage" resultType="com.iforteam.deulsal_i.entities.QnaEntity">
        SELECT `index`        AS `index`,
               `user_id`      AS `userId`,
               `title`        AS `title`,
               `content`      AS `content`,
               `created_at`   AS `createdAt`,
               `deleted_flag` AS `isDeleted`,
               `client_ip`    AS `clientIp`,
               `client_ua`    AS `clientUa`,
               `sort_flag`    AS `isSort`
        FROM `deulsalE`.`qna`
        WHERE BINARY `title` LIKE CONCAT('%', #{searchCriterion}, '%')
        ORDER BY `index` DESC
        LIMIT #{pageModel.pageCount} OFFSET #{pageModel.offset}
    </select>

    <!--사용자가 문의한 내역 조회-->
    <select id="selectUserQnaByPage" resultType="com.iforteam.deulsal_i.entities.QnaEntity">
        SELECT `index`        AS `index`,
               `user_id`      AS `userId`,
               `title`        AS `title`,
               `content`      AS `content`,
               `created_at`   AS `createdAt`,
               `deleted_flag` AS `isDeleted`,
               `client_ip`    AS `clientIp`,
               `client_ua`    AS `clientUa`,
               `sort_flag`    AS `isSort`
        FROM `deulsalE`.`qna`
        WHERE BINARY `title` LIKE CONCAT('%', #{searchCriterion}, '%')
          AND `user_id` = #{userId}
        ORDER BY `index` DESC
        LIMIT #{pageModel.pageCount} OFFSET #{pageModel.offset}
    </select>

    <select id="modifyQnaByIndex" resultType="com.iforteam.deulsal_i.entities.QnaEntity">
        SELECT `index`        AS `index`,
               `user_id`      AS `userId`,
               `title`        AS `title`,
               `content`      AS `content`,
               `created_at`   AS `createdAt`,
               `deleted_flag` AS `isDeleted`,
               `client_ip`    AS `clientIp`,
               `client_ua`    AS `clientUa`,
               `sort_flag`    AS `isSort`
        FROM `deulsalE`.`qna`
        WHERE `index` = #{index}
        LIMIT 1
    </select>

    <select id="getQnaCountByIndex"
            resultType="int">
        SELECT COUNT(0)
        FROM `deulsalE`.`qna_files`
        WHERE `qna_index` = #{index}
    </select>

    <!--    <update id="modifyQnaByIndex">-->
    <!--        UPDATE `deulsalE`.`qna`-->
    <!--        SET `user_id` = #{userId},-->
    <!--            `title`   = #{title},-->
    <!--            `content` = #{content}-->
    <!--        WHERE `index` = #{index}-->
    <!--    </update>-->

    <update id="updateQnaEntity"
            parameterType="com.iforteam.deulsal_i.entities.QnaEntity">
        UPDATE `deulsalE`.`qna`
        SET `title`     = #{title},
            `content`   = #{content},
            `client_ip` = #{clientIp},
            `client_ua` = #{clientUa}
        WHERE `index` = #{index}
        LIMIT 1
    </update>

    <update id="updateQna"
            parameterType="com.iforteam.deulsal_i.entities.QnaEntity">
        UPDATE `deulsalE`.`qna`
        SET `sort_flag` = #{isSort}
        WHERE `index` = #{index}
        LIMIT 1
    </update>

    <update id="updateQnaSortFlag" parameterType="com.iforteam.deulsal_i.entities.QnaEntity">
        UPDATE `deulsalE`.`qna`
        SET `sort_flag` = #{isSort}
        WHERE `index` = #{index}
        LIMIT 1
    </update>


    <delete id="deleteQnaByIndex">
        DELETE
        FROM `deulsalE`.`qna`
        WHERE `index` = #{index}
        LIMIT 1
    </delete>

    <delete id="deleteAnswerByIndex">
        DELETE
        FROM `deulsalE`.`answer`
        WHERE `qna_index` = #{qnaIndex}
        LIMIT 1
    </delete>

    <delete id="deleteQnaFileByIndex">
        DELETE
        FROM `deulsalE`.`qna_files`
        WHERE `qna_index` = #{qnaIndex}
    </delete>


    <!--  ===================== qna =====================-->


    <!--  ===================== event =====================-->

    <insert id="insertEvent"
            useGeneratedKeys="true"
            keyColumn="index"
            keyProperty="index"
            parameterType="com.iforteam.deulsal_i.entities.EventEntity">
        INSERT INTO `deulsalE`.`events` (`user_index`, `campsite_index`, `campsite_name`, `title`, `content`, `view`,
                                         `start_day`, `end_day`, `created_at`, `deleted_flag`, `good_view`, `client_ip`,
                                         `client_ua`, `src`)
        VALUES (#{userIndex},
                #{campsiteIndex},
                #{campsiteName},
                #{title},
                #{content},
                #{view},
                #{startDay},
                #{endDay},
                IFNULL(#{createdAt}, DEFAULT(`created_at`)),
                #{isDeleted},
                #{goodView},
                #{clientIp},
                #{clientUa},
                #{src})
    </insert>



    <select id="EventSelectAll" resultType="com.iforteam.deulsal_i.entities.EventEntity">
        SELECT `index`          AS `index`,
               `user_index`     AS `userIndex`,
               `campsite_index` AS `campsiteIndex`,
               `campsite_name`  AS `campsiteName`,
               `title`          AS `title`,
               `content`        AS `content`,
               `view`           AS `view`,
               `start_day`      AS `startDay`,
               `end_day`        AS `endDay`,
               `created_at`     AS `createdAt`,
               `deleted_flag`   AS `isDeleted`,
               `good_view`      AS `goodView`,
               `client_ip`      AS `clientIp`,
               `client_ua`      AS `clientUa`,
               `src`            AS `src`
        FROM `deulsalE`.`events`
        WHERE `index` = #{index}
        ORDER BY `index` DESC
        LIMIT 1
    </select>


    <select id="selectEventByIndex" resultType="com.iforteam.deulsal_i.entities.EventEntity">
        SELECT `index`          AS `index`,
               `user_index`     AS `userIndex`,
               `campsite_index` AS `campsiteIndex`,
               `campsite_name`  AS `campsiteName`,
               `title`          AS `title`,
               `content`        AS `content`,
               `view`           AS `view`,
               `start_day`      AS `startDay`,
               `end_day`        AS `endDay`,
               `created_at`     AS `createdAt`,
               `deleted_flag`   AS `isDeleted`,
               `good_view`      AS `goodView`,
               `client_ip`      AS `clientIp`,
               `client_ua`      AS `clientUa`,
               `src`            AS `src`
        FROM `deulsalE`.`events`
        WHERE `index` = #{index}
        LIMIT 1
    </select>


    <select id="selectGetCountByEventSearchCriterion" resultType="int">
        SELECT COUNT(*) AS totalPosts
        FROM `deulsalE`.`events`
        WHERE TRIM(LOWER(`title`)) LIKE CONCAT('%', #{searchCriterion}, '%')
           OR TRIM(LOWER(`content`)) LIKE CONCAT('%', #{searchCriterion}, '%')
           OR TRIM(LOWER(`campsite_name`)) LIKE CONCAT('%', #{searchCriterion}, '%')

    </select>

    <select id="selectEventCount" resultType="int">
        SELECT COUNT(0) AS `count`
        FROM `deulsalE`.`events`
        WHERE BINARY `title` LIKE CONCAT('%', #{searchCriterion}, '%')
    </select>

    <select id="selectByEventPage" resultType="com.iforteam.deulsal_i.entities.EventEntity">
        SELECT `index`          AS `index`,
               `user_index`     AS `userIndex`,
               `campsite_index` AS `campsiteIndex`,
               `campsite_name`  AS `campsiteName`,
               `title`          AS `title`,
               `content`        AS `content`,
               `view`           AS `view`,
               `start_day`      AS `startDay`,
               `end_day`        AS `endDay`,
               `created_at`     AS `createdAt`,
               `deleted_flag`   AS `isDeleted`,
               `good_view`      AS `goodView`,
               `client_ip`      AS `clientIp`,
               `client_ua`      AS `clientUa`,
               `src`            AS `src`
        FROM `deulsalE`.`events`
        WHERE TRIM(LOWER(`title`)) LIKE CONCAT('%', #{searchCriterion}, '%')
           OR TRIM(LOWER(`content`)) LIKE CONCAT('%', #{searchCriterion}, '%')
            OR TRIM(LOWER(`campsite_name`)) LIKE CONCAT('%', #{searchCriterion}, '%')
        ORDER BY `index` DESC
        LIMIT #{pageModel.pageCount} OFFSET #{pageModel.offset}
    </select>


    <update id="updateEvent"
            parameterType="com.iforteam.deulsal_i.entities.EventEntity">
        UPDATE `deulsalE`.`events`
        SET `index`          = #{index},
            `user_index`     = #{userIndex},
            `campsite_index` = #{campsiteIndex},
            `campsite_name`  = #{campsiteName},
            `title`          = #{title},
            `content`        = #{content},
            `view`           = #{view},
            `start_day`      = #{startDay},
            `end_day`        = #{endDay},
            `created_at`     = #{createdAt},
            `deleted_flag`   = #{isDeleted},
            `good_view`      = #{goodView},
            `client_ip`      = #{clientIp},
            `client_ua`      = #{clientUa},
            `src`            = #{src}
        WHERE `index` = #{index}
        LIMIT 1
    </update>


    <!--이전글 조회-->
    <select id="selectFindTopByIndexLessThanOrderByIndexDescEvent"
            resultType="com.iforteam.deulsal_i.entities.EventEntity">
        SELECT `index`          AS `index`,
               `user_index`     AS `userIndex`,
               `campsite_index` AS `campsiteIndex`,
               `campsite_name`  AS `campsiteName`,
               `title`          AS `title`,
               `content`        AS `content`,
               `view`           AS `view`,
               `start_day`      AS `startDay`,
               `end_day`        AS `endDay`,
               `created_at`     AS `createdAt`,
               `deleted_flag`   AS `isDeleted`,
               `good_view`      AS `goodView`,
               `client_ip`      AS `clientIp`,
               `client_ua`      AS `clientUa`,
               `src`            AS `src`
        FROM `deulsalE`.`events`
        WHERE #{index} > `index`
        ORDER BY `index` DESC
        LIMIT 1
    </select>

    <!-- 다음글 조회-->
    <select id="selectFindTopByIndexGreaterThanOrderByIndexAscEvent"
            resultType="com.iforteam.deulsal_i.entities.EventEntity">
        SELECT `index`          AS `index`,
               `user_index`     AS `userIndex`,
               `campsite_index` AS `campsiteIndex`,
               `campsite_name`  AS `campsiteName`,
               `title`          AS `title`,
               `content`        AS `content`,
               `view`           AS `view`,
               `start_day`      AS `startDay`,
               `end_day`        AS `endDay`,
               `created_at`     AS `createdAt`,
               `deleted_flag`   AS `isDeleted`,
               `good_view`      AS `goodView`,
               `client_ip`      AS `clientIp`,
               `client_ua`      AS `clientUa`,
               `src`            AS `src`
        FROM `deulsalE`.`events`
        WHERE `index` > #{index}
        ORDER BY `index` ASC
        LIMIT 1
    </select>

    <!-- 게시글 인덱스를 매개변수로 받아 해당 게시글에 대한 첨부 파일들을 조회 -->
    <select id="selectEventFilesByNoticeIndexNoData"
            resultType="com.iforteam.deulsal_i.entities.EventFileEntity">
        SELECT `index`             AS `index`,
               `event_index`       AS `eventIndex`,
               `file_name`         AS `fileName`,
               `file_size`         AS `fileSize`,
               `file_content_type` AS `fileContentType`,
               `file_data`         AS `fileData`
        FROM `deulsalE`.`event_files`
        WHERE `event_index` = #{eventIndex}
    </select>

    <!-- 주어진 인덱스에 해당하는 첨부파일을 데이터베이스에서 조회 -->
    <select id="selectEventFile"
            resultType="com.iforteam.deulsal_i.entities.EventFileEntity">
        SELECT `index`             AS `index`,
               `event_index`       AS `eventIndex`,
               `file_name`         AS `fileName`,
               `file_size`         AS `fileSize`,
               `file_content_type` AS `fileContentType`,
               `file_data`         AS `fileData`
        FROM `deulsalE`.`event_files`
        WHERE `index` = #{index}
        LIMIT 1
    </select>


    <!--  ===================== event =====================-->


</mapper>