<?xml version="1.0" encoding="UTF-8" ?>
<!DOCTYPE mapper
        PUBLIC "-//mybatis.org//DTD Mapper 3.0//EN"
        "https://mybatis.org/dtd/mybatis-3-mapper.dtd">
<mapper namespace="com.iforteam.deulsal_i.mappers.HomeMapper">

    <select id="selectCampsitesBookmark"
            parameterType="com.iforteam.deulsal_i.entities.CampsiteBookmarkEntity"
            resultType="com.iforteam.deulsal_i.entities.CampsiteEntity">
        SELECT `campsites`.`index`     AS `index`,
               `name`                  AS `name`,
               `number_ad`             AS `numberAd`,
               `general_cnt`           AS `generalCnt`,
               `auto_cnt`              AS `autoCnt`,
               `caravan_cnt`           AS `caravanCnt`,
               `glamping_cnt`          AS `glampingCnt`,
               `contact`               AS `contact`,
               `bookmark`.`created_at` AS `createdAt`,
               `deleted_flag`          AS `isDeleted`
        FROM `deulsalE`.`campsites` `campsites`
                 RIGHT JOIN `deulsalE`.`campsite_bookmark` `bookmark`
                            ON `campsites`.`index` = `bookmark`.`campsite_index`
        WHERE `bookmark`.`user_id` = #{userId}
    </select>

    <select id="selectCampsitesBookmarkPaged"
            resultType="com.iforteam.deulsal_i.entities.CampsiteEntity">
        SELECT `campsites`.`index`     AS `index`,
               `name`                  AS `name`,
               `number_ad`             AS `numberAd`,
               `general_cnt`           AS `generalCnt`,
               `auto_cnt`              AS `autoCnt`,
               `caravan_cnt`           AS `caravanCnt`,
               `glamping_cnt`          AS `glampingCnt`,
               `contact`               AS `contact`,
               `bookmark`.`created_at` AS `createdAt`,
               `deleted_flag`          AS `isDeleted`
        FROM `deulsalE`.`campsites` `campsites`
                 RIGHT JOIN `deulsalE`.`campsite_bookmark` `bookmark`
                            ON `campsites`.`index` = `bookmark`.`campsite_index`
        WHERE `bookmark`.`user_id` = #{userId}
        ORDER BY `index` DESC
        LIMIT #{pageModel.pageCount} OFFSET #{pageModel.offset}
    </select>


    <select id="selectGetCountBySearchCriterion" resultType="int">
        SELECT COUNT(0) AS totalPosts
        FROM `deulsalE`.`qna`
        WHERE BINARY `user_id` = #{userId}
    </select>

    <!--관리자용 문의 내역 조회-->
    <select id="selectAllQnaByPage" resultType="com.iforteam.deulsal_i.entities.QnaEntity">
        SELECT `index`        AS `index`,
               `user_id`      AS `userId`,
               `title`        AS `title`,
               `content`      AS `content`,
               `created_at`   AS `createdAt`,
               `deleted_flag` AS `isDeleted`,
               `client_ip`    AS `clientIp`,
               `client_ua`    AS `clientUa`,
               `sort_flag`    AS `isSort`
        FROM `deulsalE`.`qna`
        WHERE `user_id` = #{userId}
        ORDER BY `index` DESC
        LIMIT #{pageModel.pageCount} OFFSET #{pageModel.offset}
    </select>

    <!--사용자가 문의한 내역 조회-->
    <select id="selectUserQnaByPage"
            resultType="com.iforteam.deulsal_i.entities.QnaEntity">
        SELECT `index`        AS `index`,
               `user_id`      AS `userId`,
               `title`        AS `title`,
               `content`      AS `content`,
               `created_at`   AS `createdAt`,
               `deleted_flag` AS `isDeleted`,
               `client_ip`    AS `clientIp`,
               `client_ua`    AS `clientUa`,
               `sort_flag`    AS `isSort`
        FROM `deulsalE`.`qna`
        WHERE `user_id` = #{userId}
        ORDER BY `index` DESC
        LIMIT #{pageModel.pageCount} OFFSET #{pageModel.offset}
    </select>


    <select id="selectReservationCampsiteByUserIndex"
            resultType="com.iforteam.deulsal_i.entities.ReservationCampsiteEntity">
        SELECT `reservation`.`index`          AS `index`,
               `reservation`.`user_index`     AS `userIndex`,
               `reservation`.`campsite_index` AS `campsiteIndex`,
               `reservation`.`user_contact`   AS `userContact`,
               `reservation`.`user_id`        AS `userId`,
               `reservation`.`user_name`      AS `userName`,
               `reservation`.`site`           AS `site`,
               `reservation`.`start_day`      AS `startDay`,
               `reservation`.`end_day`        AS `endDay`,
               `reservation`.`cost`           AS `cost`,
               `reservation`.`person`         AS `person`,
               `reservation`.`status`         AS `status`,
               `reservation`.`created_at`     AS `createdAt`,
               `campsite`.`name`              AS `campsiteName`,
               `campsite`.`contact`           AS `campsiteContact`
        FROM `deulsalE`.`reservations` AS `reservation`
                 JOIN `deulsalE`.`campsites` AS `campsite`
                      ON reservation.campsite_index = campsite.`index`
        WHERE `reservation`.`user_index` = #{userIndex}
        ORDER BY reservation.created_at DESC
        LIMIT #{pageModel.pageCount} OFFSET #{pageModel.offset}
    </select>
    <select id="selectReservationCountByUserIndex" resultType="int">
        SELECT COUNT(0)
        FROM `deulsalE`.`reservations`
        WHERE user_index = #{userIndex}
    </select>
    <select id="selectReservationByUserIndex"
            resultType="com.iforteam.deulsal_i.entities.ReservationEntity">
        SELECT `index` AS `index`,
               `user_index` AS `userIndex`,
               `campsite_index` AS `campsiteIndex`,
               `user_contact` AS `userContact`,
               `user_id` AS `userId`,
               `user_name` AS `userName`,
               `site` AS `site`,
               `start_day` AS `startDay`,
               `end_day` AS `endDay`,
               `cost` AS `cost`,
               `person` AS `person`,
               `status` AS `status`,
               `created_at` AS `createdAt`
        FROM `deulsalE`.`reservations`
        WHERE user_index = #{userIndex}
    </select>

    <select id="getCampsitesBookmarkCount"
            resultType="int">
        SELECT COUNT(0)
        FROM `deulsalE`.`campsite_bookmark`
        WHERE BINARY user_id = #{userId}
    </select>

    <select id="selectUserByUserId"
            parameterType="com.iforteam.deulsal_i.entities.UserEntity"
            resultType="com.iforteam.deulsal_i.entities.UserEntity">
        SELECT `index`      AS `index`,
               `id`         AS `userId`,
               `contact`    AS `contact`,
               `email`      AS `email`,
               `password`   AS `password`,
               `name`       AS `name`,
               `nickname`   AS `nickname`,
               `birth`      AS `birth`,
               `status`     AS `status`,
               `authority`  AS `authority`,
               `created_at` AS `createdAt`
        FROM `deulsalE`.`users`
        WHERE `id` = #{userId}
        LIMIT 1
    </select>
    <select id="selectUserByUserIdContact"
            resultType="com.iforteam.deulsal_i.entities.UserEntity">
        SELECT `index`      AS `index`,
               `id`         AS `userId`,
               `contact`    AS `contact`,
               `email`      AS `email`,
               `password`   AS `password`,
               `name`       AS `name`,
               `nickname`   AS `nickname`,
               `birth`      AS `birth`,
               `status`     AS `status`,
               `authority`  AS `authority`,
               `created_at` AS `createdAt`
        FROM `deulsalE`.`users`
        WHERE `id` = #{userId} AND `contact` = #{contact}
        LIMIT 1
    </select>
    <select id="selectUserByContact"
            resultType="com.iforteam.deulsal_i.entities.UserEntity">
        SELECT `index`      AS `index`,
               `id`         AS `userId`,
               `contact`    AS `contact`,
               `email`      AS `email`,
               `password`   AS `password`,
               `name`       AS `name`,
               `nickname`   AS `nickname`,
               `birth`      AS `birth`,
               `status`     AS `status`,
               `authority`  AS `authority`,
               `created_at` AS `createdAt`
        FROM `deulsalE`.`users`
        WHERE `contact` = #{contact}
        LIMIT 1
    </select>
    <select id="selectUserByNickname"
            resultType="com.iforteam.deulsal_i.entities.UserEntity">
        SELECT `index`      AS `index`,
               `id`         AS `userId`,
               `contact`    AS `contact`,
               `email`      AS `email`,
               `password`   AS `password`,
               `name`       AS `name`,
               `nickname`   AS `nickname`,
               `birth`      AS `birth`,
               `status`     AS `status`,
               `authority`  AS `authority`,
               `created_at` AS `createdAt`
        FROM `deulsalE`.`users`
        WHERE `nickname` = #{preNickname}
        LIMIT 1
    </select>
    <select id="selectEmailCodeSalt"
            parameterType="com.iforteam.deulsal_i.entities.UserRecoverEmailCodeEntity"
            resultType="com.iforteam.deulsal_i.entities.UserRecoverEmailCodeEntity">
        SELECT `index`        AS `index`,
               `email`      AS `email`,
               `code`         AS `code`,
               `salt`         AS `salt`,
               `created_at`   AS `createdAt`,
               `expires_at`   AS `expiresAt`,
               `expired_flag` AS `isExpired`
        FROM `deulsalE`.`email_authentication`
        WHERE `email` = #{email}
          AND `code` = #{code}
          AND `salt` = #{salt}
        LIMIT 1
    </select>
    <select id="selectContactCodeSalt"
            parameterType="com.iforteam.deulsal_i.entities.UserRecoverContactCodeEntity"
            resultType="com.iforteam.deulsal_i.entities.UserRecoverContactCodeEntity">
        SELECT `index`        AS `index`,
               `contact`      AS `contact`,
               `code`         AS `code`,
               `salt`         AS `salt`,
               `created_at`   AS `createdAt`,
               `expires_at`   AS `expiresAt`,
               `expired_flag` AS `isExpired`
        FROM `deulsalE`.`phone_authentication`
        WHERE `contact` = #{contact}
          AND `code` = #{code}
          AND `salt` = #{salt}
        LIMIT 1
    </select>
    <select id="selectCampsiteBySearchQuery"
            resultType="com.iforteam.deulsal_i.entities.CampsiteEntity">
        SELECT `index`             AS `index`,
               `user_index`        AS `userIndex`,
               `name`              AS `name`,
               `business`          AS `business`,
               `number_ad`         AS `numberAd`,
               `road_ad`           AS `roadAd`,
               `general_cnt`       AS `generalCnt`,
               `auto_cnt`          AS `autoCnt`,
               `caravan_cnt`       AS `caravanCnt`,
               `glamping_cnt`      AS `glampingCnt`,
               `contact`           AS `contact`,
               `characteristics`   AS `characteristics`,
               `introduction`      AS `introduction`,
               `spring`            AS `spring`,
               `summer`            AS `summer`,
               `fall`              AS `fall`,
               `winter`            AS `winter`,
               `weekday`           AS `weekday`,
               `weekend`           AS `weekend`,
               `url`               AS `url`,
               `portal_rating`     AS `portalRating`,
               `rating`            AS `rating`,
               `portal_review_cnt` AS `portalReviewCnt`,
               `review_cnt`        AS `reviewCnt`,
               `bookmark_cnt`      AS `bookmarkCnt`,
               `created_at`        AS `createdAt`,
               `reservation_flag`  AS `isReservation`,
               `cost_list`         AS `costList`,
               `deleted_flag`      AS `isDeleted`,
               `latitude`          AS `latitude`,
               `longitude`         AS `longitude`
        FROM `deulsalE`.`campsites`
        WHERE (TRIM(LOWER(`name`)) LIKE CONCAT('%', #{query}, '%')
           OR TRIM(LOWER(`number_ad`)) LIKE CONCAT('%', #{query}, '%')
           OR TRIM(LOWER(`road_ad`)) LIKE CONCAT('%', #{query}, '%')
           OR TRIM(LOWER(`characteristics`)) LIKE CONCAT('%', #{query}, '%')
           OR TRIM(LOWER(`introduction`)) LIKE CONCAT('%', #{query}, '%'))
        <if test='campsiteType == 0'>
          AND `general_cnt` > 0
        </if>
        <if test='campsiteType == 1'>
            AND `auto_cnt` > 0
        </if>
        <if test='campsiteType == 2'>
            AND `caravan_cnt` > 0
        </if>
        <if test='campsiteType == 3'>
            AND `glamping_cnt` > 0
        </if>
        ORDER BY (`portal_rating` + `rating`) / (`portal_review_cnt` + `review_cnt`) DESC
        LIMIT 2
    </select>

    <select id="selectCampsiteCountBySearchQuery"
            resultType="int">
        SELECT COUNT(0)
        FROM `deulsalE`.`campsites`
        WHERE (TRIM(LOWER(`name`)) LIKE CONCAT('%', #{query}, '%')
        OR TRIM(LOWER(`number_ad`)) LIKE CONCAT('%', #{query}, '%')
        OR TRIM(LOWER(`road_ad`)) LIKE CONCAT('%', #{query}, '%')
        OR TRIM(LOWER(`characteristics`)) LIKE CONCAT('%', #{query}, '%')
        OR TRIM(LOWER(`introduction`)) LIKE CONCAT('%', #{query}, '%'))
        <if test='campsiteType == 0'>
            AND `general_cnt` > 0
        </if>
        <if test='campsiteType == 1'>
            AND `auto_cnt` > 0
        </if>
        <if test='campsiteType == 2'>
            AND `caravan_cnt` > 0
        </if>
        <if test='campsiteType == 3'>
            AND `glamping_cnt` > 0
        </if>
    </select>

    <select id="selectNoticeBySearchQuery"
            resultType="com.iforteam.deulsal_i.entities.NoticeEntity">
        SELECT `index`        AS `index`,
               `subject`      AS `subject`,
               `content`      AS `content`,
               `created_at`   AS `createdAt`,
               `deleted_flag` AS `isDeleted`,
               `sort`         AS `sort`,
               `view`         AS `view`,
               `client_ip`    AS `clientIp`,
               `client_ua`    AS `clientUa`
        FROM `deulsalE`.`notice`
        WHERE TRIM(LOWER(`subject`)) LIKE CONCAT('%', #{query}, '%')
           OR TRIM(LOWER(`content`)) LIKE CONCAT('%', #{query}, '%')
        ORDER BY `created_at` DESC
        LIMIT 3
    </select>

    <select id="selectNoticeCountBySearchQuery"
            resultType="int">
        SELECT COUNT(0)
        FROM `deulsalE`.`notice`
        WHERE TRIM(LOWER(`subject`)) LIKE CONCAT('%', #{query}, '%')
           OR TRIM(LOWER(`content`)) LIKE CONCAT('%', #{query}, '%')
    </select>

    <select id="selectEventBySearchQuery"
            resultType="com.iforteam.deulsal_i.entities.EventEntity">
        SELECT `index`          AS `index`,
               `user_index`     AS `userIndex`,
               `campsite_index` AS `campsiteIndex`,
               `campsite_name`  AS `campsiteName`,
               `title`          AS `title`,
               `content`        AS `content`,
               `start_day`      AS `startDay`,
               `end_day`        AS `endDay`,
               `client_ip`      AS `clientIp`,
               `client_ua`      AS `clientUa`,
               `created_at`     AS `createdAt`,
               `src`            AS `src`
        FROM `deulsalE`.`events`
        WHERE TRIM(LOWER(`title`)) LIKE CONCAT('%', #{query}, '%')
           OR TRIM(LOWER(`content`)) LIKE CONCAT('%', #{query}, '%')
           OR TRIM(LOWER(`campsite_name`)) LIKE CONCAT('%', #{query}, '%')
        ORDER BY `created_at` DESC
        LIMIT 3
    </select>

    <select id="selectEventCountBySearchQuery"
            resultType="int">
        SELECT COUNT(0)
        FROM `deulsalE`.`events`
        WHERE TRIM(LOWER(`title`)) LIKE CONCAT('%', #{query}, '%')
           OR TRIM(LOWER(`content`)) LIKE CONCAT('%', #{query}, '%')
           OR TRIM(LOWER(`campsite_name`)) LIKE CONCAT('%', #{query}, '%')
    </select>

    <select id="selectCampsiteImage"
            resultType="com.iforteam.deulsal_i.entities.CampsiteImageEntity">
        SELECT `index`            AS `index`,
               `campsite_index`   AS `campsiteIndex`,
               `img_name`         AS `imgName`,
               `img_size`         AS `imgSize`,
               `img_content_type` AS `imgContentType`,
               `img_data`         AS `imgData`,
               `client_ip`        AS `clientIp`,
               `client_ua`        AS `clientUa`,
               `created_at`       AS `createdAt`
        FROM `deulsalE`.`campsite_images`
        WHERE campsite_index = #{index}
        ORDER BY `index`
        LIMIT 1
    </select>

    <select id="selectEvent"
            resultType="com.iforteam.deulsal_i.entities.EventEntity">
        SELECT `index` AS `index`,
               `user_index` AS `userIndex`,
               `campsite_index` AS `campsiteIndex`,
               `campsite_name` AS `campsiteName`,
               `title` AS `title`,
               `content` AS `content`,
               `view` AS `view`,
               `start_day` AS `startDay`,
               `end_day` AS `endDay`,
               `created_at` AS `createdAt`,
               `deleted_flag` AS `isDeleted`,
               `good_view` AS `goodView`,
               `client_ip` AS `clientIp`,
               `client_ua` AS `clientUa`,
               `src` AS `src`
        FROM `deulsalE`.`events`
        ORDER BY `created_at` DESC
        LIMIT 3
    </select>

    <select id="selectNotice"
            resultType="com.iforteam.deulsal_i.entities.NoticeEntity">
        SELECT `index` AS `index`,
               `subject` AS `subject`,
               `content` AS `content`,
               `created_at` AS `createdAt`,
               `deleted_flag` AS `isDeleted`,
               `sort` AS `sort`,
               `view` AS `view`,
               `client_ip` AS `clientIp`,
               `client_ua` AS `clientUa`
        FROM `deulsalE`.`notice`
        ORDER BY `created_at` DESC
        LIMIT 5
    </select>

    <select id="selectUser"
            resultType="com.iforteam.deulsal_i.entities.UserEntity">
        SELECT `index`      AS `index`,
               `id`         AS `userId`,
               `contact`    AS `contact`,
               `email`      AS `email`,
               `password`   AS `password`,
               `name`       AS `name`,
               `nickname`   AS `nickname`,
               `birth`      AS `birth`,
               `status`     AS `status`,
               `authority`  AS `authority`,
               `created_at` AS `createdAt`
        FROM `deulsalE`.`users`
        WHERE `authority` != 0
          AND BINARY TRIM(LOWER(`id`)) LIKE CONCAT('%', #{query}, '%')
        ORDER BY `index`
        LIMIT #{pageModel.pageCount} OFFSET #{pageModel.offset}
    </select>

    <select id="selectUserCount"
            resultType="int">
        SELECT COUNT(0)
        FROM `deulsalE`.`users`
        WHERE `authority` != 0
          AND BINARY TRIM(LOWER(`id`)) LIKE CONCAT('%', #{query}, '%')
    </select>

    <select id="selectCampsite"
            resultType="com.iforteam.deulsal_i.entities.CampsiteEntity">
        SELECT `index` AS `index`,
               `name` AS `name`,
               `business` AS `business`,
               `number_ad` AS `numberAd`,
               `general_cnt` AS `generalCnt`,
               `auto_cnt` AS `autoCnt`,
               `caravan_cnt` AS `caravanCnt`,
               `glamping_cnt` AS `glampingCnt`,
               `contact` AS `contact`,
               `url` AS `url`,
               `created_at` AS `createdAt`,
               `reservation_flag` AS `isReservation`
        FROM `deulsalE`.`campsites`
        WHERE BINARY TRIM(LOWER(`name`)) LIKE CONCAT('%', #{query}, '%')
        ORDER BY `index`
        LIMIT #{pageModel.pageCount} OFFSET #{pageModel.offset}
    </select>

    <select id="selectCampsiteCount"
            resultType="int">
        SELECT COUNT(0)
        FROM `deulsalE`.`campsites`
        WHERE BINARY TRIM(LOWER(`name`)) LIKE CONCAT('%', #{query}, '%')
    </select>

    <select id="selectQna"
            resultType="com.iforteam.deulsal_i.entities.QnaEntity">
        SELECT `index` AS `index`,
               `user_id` AS `userId`,
               `title` AS `title`,
               `content` AS `content`,
               `created_at` AS `createdAt`,
               `deleted_flag` AS `isDeleted`,
               `client_ip` AS `clientIp`,
               `client_ua` AS `clientUa`,
               `sort_flag` AS `isSort`
        FROM `deulsalE`.`qna`
        WHERE `sort_flag` = 0
          AND BINARY TRIM(LOWER(`user_id`)) LIKE CONCAT('%', #{query}, '%')
        ORDER BY `index`
        LIMIT #{pageModel.pageCount} OFFSET #{pageModel.offset}
    </select>

    <select id="selectQnaCount"
            resultType="int">
        SELECT COUNT(0)
        FROM `deulsalE`.`qna`
        WHERE `sort_flag` = 0
          AND BINARY TRIM(LOWER(`user_id`)) LIKE CONCAT('%', #{query}, '%')
    </select>

    <select id="selectEventAll"
            resultType="com.iforteam.deulsal_i.entities.EventEntity">
        SELECT `index`          AS `index`,
               `user_index`     AS `userIndex`,
               `campsite_index` AS `campsiteIndex`,
               `campsite_name`  AS `campsiteName`,
               `title`          AS `title`,
               `content`        AS `content`,
               `view`           AS `view`,
               `start_day`      AS `startDay`,
               `end_day`        AS `endDay`,
               `created_at`     AS `createdAt`,
               `deleted_flag`   AS `isDeleted`,
               `good_view`      AS `goodView`,
               `client_ip`      AS `clientIp`,
               `client_ua`      AS `clientUa`,
               `src`            AS `src`
        FROM `deulsalE`.`events`
        WHERE BINARY TRIM(LOWER(`campsite_name`)) LIKE CONCAT('%', #{query}, '%')
        ORDER BY `index`
        LIMIT #{pageModel.pageCount} OFFSET #{pageModel.offset}
    </select>

    <select id="selectEventCount"
            resultType="int">
        SELECT COUNT(0)
        FROM `deulsalE`.`events`
        WHERE BINARY TRIM(LOWER(`campsite_name`)) LIKE CONCAT('%', #{query}, '%')
    </select>

    <update id="updateUserEmail"
            parameterType="com.iforteam.deulsal_i.entities.UserEntity">
        UPDATE `deulsalE`.`users`
        SET `email` = #{email}
        WHERE `index` = #{index}
    </update>
    <update id="updateUserByUserId"
            parameterType="com.iforteam.deulsal_i.entities.UserEntity">
        UPDATE `deulsalE`.`users` SET
                                      `index` = #{index},
                                      `id` = #{userId},
                                      `contact` = #{contact},
                                      `email` = #{email},
                                      `password` = #{password},
                                      `name` = #{name},
                                      `nickname` = #{nickname},
                                      `birth` = #{birth},
                                      `status` = #{status},
                                      `authority` = #{authority},
                                      `created_at` = #{createdAt}
        WHERE `id` = #{userId}
    </update>

    <insert id="insertEmailCodeSalt"
            useGeneratedKeys="true"
            keyColumn="index"
            keyProperty="index"
            parameterType="com.iforteam.deulsal_i.entities.UserRecoverEmailCodeEntity">
        INSERT INTO `deulsalE`.`email_authentication` (`email`, `code`, `salt`, `created_at`, `expires_at`, `expired_flag`)
        VALUES (#{email},
                #{code},
                #{salt},
                IFNULL(#{createdAt}, DEFAULT(`created_at`)),
                #{expiresAt},
                IFNULL(#{isExpired}, DEFAULT(`expired_flag`)))
    </insert>
    <insert id="insertContactCodeSalt"
            useGeneratedKeys="true"
            keyColumn="index"
            keyProperty="index"
            parameterType="com.iforteam.deulsal_i.entities.UserRecoverContactCodeEntity">
        INSERT INTO `deulsalE`.`phone_authentication` (`contact`, `code`, `salt`, `created_at`, `expires_at`, `expired_flag`)
        VALUES (#{contact},
                #{code},
                #{salt},
                IFNULL(#{createdAt}, DEFAULT(`created_at`)),
                #{expiresAt},
                IFNULL(#{isExpired}, DEFAULT(`expired_flag`)))
    </insert>

    <delete id="deleteContactCodeSalt"
            parameterType="com.iforteam.deulsal_i.entities.UserRecoverContactCodeEntity">
        DELETE
        FROM `deulsalE`.`phone_authentication`
        WHERE `contact` = #{contact}
          AND `code` = #{code}
          AND `salt` = #{salt}
    </delete>
    <delete id="deleteEmailCodeSalt"
            parameterType="com.iforteam.deulsal_i.entities.UserRecoverEmailCodeEntity">
        DELETE
        FROM `deulsalE`.`email_authentication`
        WHERE `email` = #{email}
          AND `code` = #{code}
          AND `salt` = #{salt}
    </delete>

    <delete id="deleteUser">
        DELETE
        FROM `deulsalE`.`users`
        WHERE `index` = #{index}
    </delete>

    <delete id="deleteCampsite">
        DELETE
        FROM `deulsalE`.`campsites`
        WHERE `index` = #{index}
    </delete>

    <delete id="deleteEvent">
        DELETE
        FROM `deulsalE`.`events`
        WHERE `index` = #{index}
    </delete>

</mapper>