<?xml version="1.0" encoding="UTF-8" ?>
<!DOCTYPE mapper
        PUBLIC "-//mybatis.org//DTD Mapper 3.0//EN"
        "https://mybatis.org/dtd/mybatis-3-mapper.dtd">
<mapper namespace="com.iforteam.deulsal_i.mappers.UserMapper">

    <insert id="insertRegisterContactCode"
            useGeneratedKeys="true"
            keyColumn="index"
            keyProperty="index"
            parameterType="com.iforteam.deulsal_i.entities.UserRegisterContactCodeEntity">
        INSERT INTO `deulsalE`.`phone_authentication` (`contact`, `code`, `salt`, `created_at`, `expires_at`, `expired_flag`)
        VALUES (#{contact},
                #{code},
                #{salt},
                IFNULL(#{createdAt}, DEFAULT(`created_at`)),
                #{expiresAt},
                IFNULL(#{isExpired}, DEFAULT(`expired_flag`)))
    </insert>

    <insert id="insertRecoverContactCode"
            useGeneratedKeys="true"
            keyColumn="index"
            keyProperty="index"
            parameterType="com.iforteam.deulsal_i.entities.UserRegisterContactCodeEntity">
        INSERT INTO `deulsalE`.`phone_authentication` (`contact`, `code`, `salt`, `created_at`, `expires_at`, `expired_flag`)
        VALUES (#{contact},
                #{code},
                #{salt},
                IFNULL(#{createdAt}, DEFAULT(`created_at`)),
                #{expiresAt},
                IFNULL(#{isExpired}, DEFAULT(`expired_flag`)))
    </insert>

    <insert id="insertUser"
            parameterType="com.iforteam.deulsal_i.entities.UserEntity">
        INSERT INTO `deulsalE`.`users` (`id`, `contact`, `email`, `password`, `name`, `nickname`, `birth`, `status`,
                                        `authority`, `created_at`)
        VALUES (#{userId},
                #{contact},
                #{email},
                #{password},
                #{name},
                #{nickname},
                #{birth},
                #{status},
                #{authority},
                IFNULL(#{createdAt}, DEFAULT(`created_at`)))
    </insert>

    <select id="selectUserById"
            resultType="com.iforteam.deulsal_i.entities.UserEntity">
        SELECT `index`      AS `index`,
               `id`         AS `userId`,
               `contact`    AS `contact`,
               `email`      AS `email`,
               `password`   AS `password`,
               `name`       AS `name`,
               `nickname`   AS `nickname`,
               `birth`      AS `birth`,
               `status`     AS `status`,
               `authority`  AS `authority`,
               `created_at` AS `createdAt`
        FROM `deulsalE`.`users`
        WHERE `id` = #{userId}
        LIMIT 1
    </select>

    <select id="selectUserByEmail"
            resultType="com.iforteam.deulsal_i.entities.UserEntity">
        SELECT `index`      AS `index`,
               `id`         AS `id`,
               `contact`    AS `contact`,
               `email`      AS `email`,
               `password`   AS `password`,
               `name`       AS `name`,
               `nickname`   AS `nickname`,
               `birth`      AS `birth`,
               `status`     AS `status`,
               `authority`  AS `authority`,
               `created_at` AS `createdAt`
        FROM `deulsalE`.`users`
        WHERE `email` = #{email}
        LIMIT 1
    </select>

    <select id="selectUserByContact"
            resultType="com.iforteam.deulsal_i.entities.UserEntity">
        SELECT `index`      AS `index`,
               `id`         AS `id`,
               `contact`    AS `contact`,
               `email`      AS `email`,
               `password`   AS `password`,
               `name`       AS `name`,
               `nickname`   AS `nickname`,
               `birth`      AS `birth`,
               `status`     AS `status`,
               `authority`  AS `authority`,
               `created_at` AS `createdAt`
        FROM `deulsalE`.`users`
        WHERE `contact` = #{contact}
        LIMIT 1
    </select>

    <select id="selectUserByNickname"
            resultType="com.iforteam.deulsal_i.entities.UserEntity">
        SELECT `index`      AS `index`,
               `id`         AS `id`,
               `contact`    AS `contact`,
               `email`      AS `email`,
               `password`   AS `password`,
               `name`       AS `name`,
               `nickname`   AS `nickname`,
               `birth`      AS `birth`,
               `status`     AS `status`,
               `authority`  AS `authority`,
               `created_at` AS `createdAt`
        FROM `deulsalE`.`users`
        WHERE `nickname` = #{nickname}
        LIMIT 1
    </select>

    <select id="selectUserByName"
            resultType="com.iforteam.deulsal_i.entities.UserEntity">
        SELECT `index`      AS `index`,
               `id`         AS `id`,
               `contact`    AS `contact`,
               `email`      AS `email`,
               `password`   AS `password`,
               `name`       AS `name`,
               `nickname`   AS `nickname`,
               `birth`      AS `birth`,
               `status`     AS `status`,
               `authority`  AS `authority`,
               `created_at` AS `createdAt`
        FROM `deulsalE`.`users`
        WHERE `name` = #{name}
        LIMIT 1
    </select>

    <select id="selectRegisterContactCodeByContactCodeSalt"
            parameterType="com.iforteam.deulsal_i.entities.UserRegisterContactCodeEntity"
            resultType="com.iforteam.deulsal_i.entities.UserRegisterContactCodeEntity">
        SELECT `index`        AS `index`,
               `contact`      AS `contact`,
               `code`         AS `code`,
               `salt`         AS `salt`,
               `created_at`   AS `createdAt`,
               `expires_at`   AS `expiresAt`,
               `expired_flag` AS `isExpired`
        FROM `deulsalE`.`phone_authentication`
        WHERE BINARY `contact` = #{contact}
          AND BINARY `code` = #{code}
          AND BINARY `salt` = #{salt}
        LIMIT 1
    </select>

    <update id="updateRegisterContactCode"
            parameterType="com.iforteam.deulsal_i.entities.UserRegisterContactCodeEntity">
        UPDATE `deulsalE`.`phone_authentication`
        SET `contact`      = #{contact},
            `code`         = #{code},
            `salt`         = #{salt},
            `created_at`   = #{createdAt},
            `expires_at`   = #{expiresAt},
            `expired_flag` = #{isExpired}
        WHERE `index` = #{index}
        LIMIT 1
    </update>

    <select id="selectRecoverContactCodeByContactCodeSalt"
            parameterType="com.iforteam.deulsal_i.entities.UserRecoverContactCodeEntity"
            resultType="com.iforteam.deulsal_i.entities.UserRecoverContactCodeEntity">
        SELECT `index`        AS `index`,
               `contact`      AS `contact`,
               `code`         AS `code`,
               `salt`         AS `salt`,
               `created_at`   AS `createdAt`,
               `expires_at`   AS `expiresAt`,
               `expired_flag` AS `isExpired`
        FROM `deulsalE`.`phone_authentication`
        WHERE BINARY `contact` = #{contact}
          AND BINARY `code` = #{code}
          AND BINARY `salt` = #{salt}
        LIMIT 1
    </select>

    <update id="updateRecoverContactCode"
            parameterType="com.iforteam.deulsal_i.entities.UserRecoverContactCodeEntity">
        UPDATE `deulsalE`.`phone_authentication`
        SET `contact`      = #{contact},
            `code`         = #{code},
            `salt`         = #{salt},
            `created_at`   = #{createdAt},
            `expires_at`   = #{expiresAt},
            `expired_flag` = #{isExpired}
        WHERE `index` = #{index}
        LIMIT 1
    </update>

    <select id="selectUserByNameAndContact"
            resultType="com.iforteam.deulsal_i.entities.UserEntity">
        SELECT `index`      AS `index`,
               `id`         AS `userId`,
               `contact`    AS `contact`,
               `email`      AS `email`,
               `password`   AS `password`,
               `name`       AS `name`,
               `nickname`   AS `nickname`,
               `birth`      AS `birth`,
               `status`     AS `status`,
               `authority`  AS `authority`,
               `created_at` AS `createdAt`
        FROM `deulsalE`.`users`
        WHERE `name` = #{name}
          AND `contact` = #{contact}
        LIMIT 1
    </select>

    <select id="selectUserByNameAndEmail"
            resultType="com.iforteam.deulsal_i.entities.UserEntity">
        SELECT `index`      AS `index`,
               `id`         AS `userId`,
               `contact`    AS `contact`,
               `email`      AS `email`,
               `password`   AS `password`,
               `name`       AS `name`,
               `nickname`   AS `nickname`,
               `birth`      AS `birth`,
               `status`     AS `status`,
               `authority`  AS `authority`,
               `created_at` AS `createdAt`
        FROM `deulsalE`.`users`
        WHERE `name` = #{name}
          AND `email` = #{email}
        LIMIT 1
    </select>

    <select id="selectUserByIdAndContact"
            resultType="com.iforteam.deulsal_i.entities.UserEntity">
        SELECT `index`      AS `index`,
               `id`         AS `userId`,
               `contact`    AS `contact`,
               `email`      AS `email`,
               `password`   AS `password`,
               `name`       AS `name`,
               `nickname`   AS `nickname`,
               `birth`      AS `birth`,
               `status`     AS `status`,
               `authority`  AS `authority`,
               `created_at` AS `createdAt`
        FROM `deulsalE`.`users`
        WHERE `id` = #{userId}
          AND `contact` = #{contact}
        LIMIT 1
    </select>

    <select id="selectUserByIdAndEmail"
            resultType="com.iforteam.deulsal_i.entities.UserEntity">
        SELECT `index`      AS `index`,
               `id`         AS `userId`,
               `contact`    AS `contact`,
               `email`      AS `email`,
               `password`   AS `password`,
               `name`       AS `name`,
               `nickname`   AS `nickname`,
               `birth`      AS `birth`,
               `status`     AS `status`,
               `authority`  AS `authority`,
               `created_at` AS `createdAt`
        FROM `deulsalE`.`users`
        WHERE `id` = #{userId}
          AND `email` = #{email}
        LIMIT 1
    </select>

    <select id="selectRecoverEmailCodeByEmailCodeSalt"
            parameterType="com.iforteam.deulsal_i.entities.UserRecoverContactCodeEntity"
            resultType="com.iforteam.deulsal_i.entities.UserRecoverEmailCodeEntity">
        SELECT `index`        AS `index`,
               `email`      AS `email`,
               `code`         AS `code`,
               `salt`         AS `salt`,
               `created_at`   AS `createdAt`,
               `expires_at`   AS `expiresAt`,
               `expired_flag` AS `isExpired`
        FROM `deulsalE`.`email_authentication`
        WHERE BINARY `email` = #{email}
          AND BINARY `code` = #{code}
          AND BINARY `salt` = #{salt}
        LIMIT 1
    </select>

    <insert id="insertRecoverEmailCode"
            useGeneratedKeys="true"
            keyColumn="index"
            keyProperty="index"
            parameterType="com.iforteam.deulsal_i.entities.UserRecoverEmailCodeEntity">
        INSERT INTO `deulsalE`.`email_authentication` (`email`, `code`, `salt`, `created_at`, `expires_at`, `expired_flag`)
        VALUES (#{email},
                #{code},
                #{salt},
                IFNULL(#{createdAt}, DEFAULT(`created_at`)),
                #{expiresAt},
                IFNULL(#{isExpired}, DEFAULT(`expired_flag`)))
    </insert>

    <update id="updateRecoverEmailCode"
            parameterType="com.iforteam.deulsal_i.entities.UserRecoverEmailCodeEntity">
        UPDATE `deulsalE`.`email_authentication`
        SET `email`        = #{email},
            `code`         = #{code},
            `salt`         = #{salt},
            `created_at`   = #{createdAt},
            `expires_at`   = #{expiresAt},
            `expired_flag` = #{isExpired}
        WHERE `index` = #{index}
        LIMIT 1
    </update>

    <update id="updateUser"
            parameterType="com.iforteam.deulsal_i.entities.UserEntity">
        UPDATE `deulsalE`.`users`
        SET `index`      = #{index},
            `id`         = #{userId},
            `contact`    = #{contact},
            `email`      = #{email},
            `password`   = #{password},
            `name`       = #{name},
            `nickname`   = #{nickname},
            `birth`      = #{birth},
            `status`     = #{status},
            `authority`  = #{authority},
            `created_at` = #{createdAt}
        WHERE `id` = #{userId}
        LIMIT 1
    </update>
</mapper>